Department,Title,Amount,UseForUnit,PlanName,WorkName,BudgetName,BudgetType,EmpCatagory,Year,PSUPassport
งานอาคารสถานที่และยานพาหนะ,ค่าตอบแทนพนักงานขับรถ,15000,ส่วนกลางคณะ,แผนงานการบริหารการศึกษา,งานบริหารทั่วไป,รายจ่ายประจำ,งบดำเนินงาน,ค่าตอบแทน,2020,thanita.s
งานอาคารสถานที่และยานพาหนะ,ค่าตอบแทนพนักงานรักษาความปลอดภัย,48000,ส่วนกลางคณะ,แผนงานการบริหารการศึกษา,งานบริหารทั่วไป,รายจ่ายประจำ,งบดำเนินงาน,ค่าตอบแทน,2020,thanita.s
งานอาคารสถานที่และยานพาหนะ,เงินช่วยเหลือค่าอาหารพนักงานขับรถ,3000,ส่วนกลางคณะ,แผนงานการบริหารการศึกษา,งานบริหารทั่วไป,รายจ่ายประจำ,งบดำเนินงาน,ค่าใช้สอย,2020,thanita.s
งานพัสดุ,ค่าเช่า,65000,ส่วนกลางคณะ,แผนงานการบริหารการศึกษา,งานบริหารทั่วไป,รายจ่ายประจำ,งบดำเนินงาน,ค่าใช้สอย,2020,thanita.s
งานพัสดุ,ค่าจ้างเหมาบริการ,793634,ส่วนกลางคณะ,แผนงานการบริหารการศึกษา,งานบริหารทั่วไป,รายจ่ายประจำ,งบดำเนินงาน,ค่าใช้สอย,2020,thanita.s
งานพัสดุ,ค่าซ่อมแซมครุภัณฑ์,70000,ส่วนกลางคณะ,แผนงานการบริหารการศึกษา,งานบริหารทั่วไป,รายจ่ายประจำ,งบดำเนินงาน,ค่าใช้สอย,2020,thanita.s
งานพัสดุ,ค่าบริการเคเบิลทีวี,2400,ส่วนกลางคณะ,แผนงานการบริหารการศึกษา,งานบริหารทั่วไป,รายจ่ายประจำ,งบดำเนินงาน,ค่าใช้สอย,2020,thanita.s
งานอาคารสถานที่และยานพาหนะ,ค่าใช้จ่ายรถราชการคณะเศรษฐศาสตร์,35000,ส่วนกลางคณะ,แผนงานการบริหารการศึกษา,งานบริหารทั่วไป,รายจ่ายประจำ,งบดำเนินงาน,ค่าใช้สอย,2020,thanita.s
งานพัสดุ,ค่าวัสดุ,100000,ส่วนกลางคณะ,แผนงานการบริหารการศึกษา,งานบริหารทั่วไป,รายจ่ายประจำ,งบดำเนินงาน,ค่าวัสดุ,2020,thanita.s
งานพัสดุ,ผ้าม่าน และม่านปรับแสง,20000,ส่วนกลางคณะ,แผนงานการบริหารการศึกษา,งานบริหารทั่วไป,รายจ่ายลงทุน,งบลงทุน,ค่าครุภัณฑ์,2020,thanita.s
งานอาคารสถานที่และยานพาหนะ,ค่าซ่อมบำรุงอาคารคณะเศรษฐศาสตร์,200000,ส่วนกลางคณะ,แผนงานการบริหารการศึกษา,งานบริหารทั่วไป,รายจ่ายประจำ,งบดำเนินงาน,ค่าใช้สอย,2020,thanita.s
งานพัสดุ,ค่าครุภัณฑ์โต๊ะทำงานพร้อมเก้าอี้ของบุคลากรสายสนับสนุนและอาจารย์ใหม่,50000,ส่วนกลางคณะ,แผนงานการบริหารการศึกษา,งานบริหารทั่วไป,รายจ่ายลงทุน,งบลงทุน,ค่าครุภัณฑ์,2020,thanita.s
งานอาคารสถานที่และยานพาหนะ,ค่าครุภัณฑ์ประตูกระจกห้องเรียน,50000,ส่วนกลางคณะ,แผนงานการบริหารการศึกษา,งานบริหารทั่วไป,รายจ่ายลงทุน,งบลงทุน,ค่าครุภัณฑ์,2020,thanita.s
งานอาคารสถานที่และยานพาหนะ,พัดลม,30000,ส่วนกลางคณะ,แผนงานการบริหารการศึกษา,งานบริหารทั่วไป,รายจ่ายลงทุน,งบลงทุน,ค่าครุภัณฑ์,2020,thanita.s
งานอาคารสถานที่และยานพาหนะ,ค่าใช้จ่ายสำหรับการทำป้ายต่างๆในอาคาร,10000,ส่วนกลางคณะ,แผนงานการบริหารการศึกษา,งานบริหารทั่วไป,รายจ่ายประจำ,งบดำเนินงาน,ค่าวัสดุ,2020,thanita.s
งานพัสดุ,ค่าครุภณฑ์อื่นๆ,50000,ส่วนกลางคณะ,แผนงานการบริหารการศึกษา,งานบริหารทั่วไป,รายจ่ายลงทุน,งบลงทุน,ค่าครุภัณฑ์,2020,thanita.s
งานการเงินและบัญชี,ค่าธรรมเนียมธนาคาร,3000,ส่วนกลางคณะ,แผนงานการบริหารการศึกษา,งานบริหารทั่วไป,รายจ่ายประจำ,งบดำเนินงาน,ค่าสาธารนูปโภค,2020,prapaporn.bu
งานการเจ้าหน้าที่,บุคลากรที่มีตำแหน่งเหมือนราชการหรือพนักงานมหาวิทยาลัย,1640000,ส่วนกลางคณะ,แผนงานการบริหารการศึกษา,งานบริหารทั่วไป,รายจ่ายประจำ,งบบุคลากร,ค่าจ้าง,2020,pattama.ru
งานการเจ้าหน้าที่,ค่าครองชีพชั่วคราว,24000,ส่วนกลางคณะ,แผนงานการบริหารการศึกษา,งานบริหารทั่วไป,รายจ่ายประจำ,งบบุคลากร,ค่าจ้าง,2020,pattama.ru
งานการเจ้าหน้าที่,ค่าเช่าที่พัก,96000,ส่วนกลางคณะ,แผนงานการบริหารการศึกษา,งานบริหารทั่วไป,รายจ่ายประจำ,งบดำเนินงาน,ค่าตอบแทน,2020,pattama.ru
งานการเจ้าหน้าที่,เงินรางวัล,20000,ส่วนกลางคณะ,แผนงานการบริหารการศึกษา,งานบริหารทั่วไป,รายจ่ายประจำ,งบดำเนินงาน,ค่าตอบแทน,2020,pattama.ru
งานการเจ้าหน้าที่,ค่าเดินทางไปราชการ,100000,ส่วนกลางคณะ,แผนงานการบริหารการศึกษา,งานบริหารทั่วไป,รายจ่ายประจำ,งบดำเนินงาน,ค่าใช้สอย,2020,pattama.ru
งานโสตทัศนูปกรณ์,ไมโครโฟนไร้สาย,21000,ส่วนกลางคณะ,แผนงานการบริหารการศึกษา,งานบริหารทั่วไป,รายจ่ายลงทุน,งบลงทุน,ค่าครุภัณฑ์,2020,kittipong.pr
งานอาคารสถานที่และยานพาหนะ,ค่าไฟฟ้าและน้ำประปา,1300000,ส่วนกลางคณะ,แผนงานการบริหารการศึกษา,งานบริหารทั่วไป,รายจ่ายประจำ,งบดำเนินงาน,ค่าสาธารนูปโภค,2020,thanita.s
งานโสตทัศนูปกรณ์,ชุดไฟสำหรับถ่ายภาพ และวิดีโอ,12000,ส่วนกลางคณะ,แผนงานการบริหารการศึกษา,งานบริหารทั่วไป,รายจ่ายลงทุน,งบลงทุน,ค่าครุภัณฑ์,2020,kittipong.pr
งานโสตทัศนูปกรณ์,เครื่องสลับสัญญาณภาพ switcher,11800,ส่วนกลางคณะ,แผนงานการบริหารการศึกษา,งานบริหารทั่วไป,รายจ่ายลงทุน,งบลงทุน,ค่าครุภัณฑ์,2020,kittipong.pr
งานโสตทัศนูปกรณ์,USB-C TO HDMI/VGA,2180,ส่วนกลางคณะ,แผนงานการบริหารการศึกษา,งานบริหารทั่วไป,รายจ่ายประจำ,งบดำเนินงาน,ค่าวัสดุ,2020,kittipong.pr
งานโสตทัศนูปกรณ์,MICRO HDMI TO HDMI FEMALE,380,ส่วนกลางคณะ,แผนงานการบริหารการศึกษา,งานบริหารทั่วไป,รายจ่ายประจำ,งบดำเนินงาน,ค่าวัสดุ,2020,kittipong.pr
งานโสตทัศนูปกรณ์,MINI DISPLAY PORT TO HDMI/VGA,490,ส่วนกลางคณะ,แผนงานการบริหารการศึกษา,งานบริหารทั่วไป,รายจ่ายประจำ,งบดำเนินงาน,ค่าวัสดุ,2020,kittipong.pr
งานโสตทัศนูปกรณ์,สาย HDMI 10 เมตร,1600,ส่วนกลางคณะ,แผนงานการบริหารการศึกษา,งานบริหารทั่วไป,รายจ่ายประจำ,งบดำเนินงาน,ค่าวัสดุ,2020,kittipong.pr
งานโสตทัศนูปกรณ์,ค่าจ้างเหมาบริการต่าง ๆ เช่น ค่าติดตั้ง ค่าซ่อม,20000,ส่วนกลางคณะ,แผนงานการบริหารการศึกษา,งานบริหารทั่วไป,รายจ่ายประจำ,งบดำเนินงาน,ค่าใช้สอย,2020,kittipong.pr
งานโสตทัศนูปกรณ์,ค่าปรับปรุงระบบภาพ และเสียง,40000,ส่วนกลางคณะ,แผนงานการบริหารการศึกษา,งานบริหารทั่วไป,รายจ่ายประจำ,งบดำเนินงาน,ค่าใช้สอย,2020,kittipong.pr
งานเทคโนโลยีสารสนเทศ,ค่าเช่าเซอร์ฟเวอร์ economics.psu.ac.th,8400,ส่วนกลางคณะ,แผนงานการบริหารการศึกษา,งานบริหารทั่วไป,รายจ่ายประจำ,งบดำเนินงาน,ค่าใช้สอย,2020,chaimanat.l
งานเทคโนโลยีสารสนเทศ,license SSL สำหรับเว็บเซอร์ฟเวอร์,2400,ส่วนกลางคณะ,แผนงานการบริหารการศึกษา,งานบริหารทั่วไป,รายจ่ายประจำ,งบดำเนินงาน,ค่าใช้สอย,2020,chaimanat.l
งานเทคโนโลยีสารสนเทศ,เครื่องแสกนลายนิ้วมือ,40000,ส่วนกลางคณะ,แผนงานการบริหารการศึกษา,งานบริหารทั่วไป,รายจ่ายลงทุน,งบลงทุน,ค่าครุภัณฑ์,2020,chaimanat.l
งานเทคโนโลยีสารสนเทศ,Access Point,115000,ส่วนกลางคณะ,แผนงานการบริหารการศึกษา,งานบริหารทั่วไป,รายจ่ายลงทุน,งบลงทุน,ค่าครุภัณฑ์,2020,chaimanat.l
งานเทคโนโลยีสารสนเทศ,เครื่องสำรองไฟ,4500,ส่วนกลางคณะ,แผนงานการบริหารการศึกษา,งานบริหารทั่วไป,รายจ่ายประจำ,งบดำเนินงาน,ค่าวัสดุ,2020,chaimanat.l
งานเทคโนโลยีสารสนเทศ,ฮาร์ดดิสแบบ SSD,5000,ส่วนกลางคณะ,แผนงานการบริหารการศึกษา,งานบริหารทั่วไป,รายจ่ายประจำ,งบดำเนินงาน,ค่าวัสดุ,2020,chaimanat.l
งานเทคโนโลยีสารสนเทศ,Keyboard,1750,ส่วนกลางคณะ,แผนงานการบริหารการศึกษา,งานบริหารทั่วไป,รายจ่ายประจำ,งบดำเนินงาน,ค่าวัสดุ,2020,chaimanat.l
งานเทคโนโลยีสารสนเทศ,Mouse,1750,ส่วนกลางคณะ,แผนงานการบริหารการศึกษา,งานบริหารทั่วไป,รายจ่ายประจำ,งบดำเนินงาน,ค่าวัสดุ,2020,chaimanat.l
งานเทคโนโลยีสารสนเทศ,หูฟัง,7500,ส่วนกลางคณะ,แผนงานการบริหารการศึกษา,งานบริหารทั่วไป,รายจ่ายประจำ,งบดำเนินงาน,ค่าวัสดุ,2020,chaimanat.l
งานเทคโนโลยีสารสนเทศ,ค่อซ่อมอุปกรณ์คอมพิวเตอร์,35000,ส่วนกลางคณะ,แผนงานการบริหารการศึกษา,งานบริหารทั่วไป,รายจ่ายประจำ,งบดำเนินงาน,ค่าใช้สอย,2020,chaimanat.l
งานเทคโนโลยีสารสนเทศ,ค่าซ่อมอุปกรณ์เครือข่าย,10000,ส่วนกลางคณะ,แผนงานการบริหารการศึกษา,งานบริหารทั่วไป,รายจ่ายประจำ,งบดำเนินงาน,ค่าใช้สอย,2020,chaimanat.l
งานเทคโนโลยีสารสนเทศ,ค่าซ่อมกล้องวงจรปิด,10000,ส่วนกลางคณะ,แผนงานการบริหารการศึกษา,งานบริหารทั่วไป,รายจ่ายประจำ,งบดำเนินงาน,ค่าใช้สอย,2020,chaimanat.l
งานพัฒนานักศึกษา,สนับสนุนกิจกรรมนักศึกษา,650000,ส่วนกลางคณะ,แผนงานสนับสนุนการศึกษา,งานกิจการนักศึกษา,รายจ่ายประจำ,งบเงินอุดหนุน,ไม่มี,2020,kaniknun.k
งานพัฒนานักศึกษา,สนับสนุนกิจกรรมเสริมความเข้มแข็งด้านการศึกษาและวิชาการ,100000,ส่วนกลางคณะ,แผนงานสนับสนุนการศึกษา,งานกิจการนักศึกษา,รายจ่ายประจำ,งบเงินอุดหนุน,ไม่มี,2020,kaniknun.k
งานพัฒนานักศึกษา,อุดหนุนทุนการศึกษา,250000,ส่วนกลางคณะ,แผนงานสนับสนุนการศึกษา,งานกิจการนักศึกษา,รายจ่ายประจำ,งบเงินอุดหนุน,ไม่มี,2020,kaniknun.k
งานพัฒนานักศึกษา,ทุนทำงานแลกเปลี่ยน,24000,ส่วนกลางคณะ,แผนงานสนับสนุนการศึกษา,งานกิจการนักศึกษา,รายจ่ายประจำ,งบเงินอุดหนุน,ไม่มี,2020,kaniknun.k
งานพัฒนานักศึกษา,เงินรางวัล,10000,ส่วนกลางคณะ,แผนงานสนับสนุนการศึกษา,งานกิจการนักศึกษา,รายจ่ายประจำ,งบเงินอุดหนุน,ไม่มี,2020,kaniknun.k
งานพัฒนานักศึกษา,กิจกรรมติดตามและพบปะนักศึกษา,24000,ส่วนกลางคณะ,แผนงานสนับสนุนการศึกษา,งานกิจการนักศึกษา,รายจ่ายประจำ,งบเงินอุดหนุน,ไม่มี,2020,kaniknun.k
งานพัฒนานักศึกษา,สวัสดิการนักศึกษา,20000,ส่วนกลางคณะ,แผนงานสนับสนุนการศึกษา,งานกิจการนักศึกษา,รายจ่ายประจำ,งบเงินอุดหนุน,ไม่มี,2020,kaniknun.k
งานพัฒนานักศึกษา,ค่าใช้จ่ายพิธีรับพระราชทานปริญญาบัตร,100000,ส่วนกลางคณะ,แผนงานการบริหารการศึกษา,งานบริหารทั่วไป,รายจ่ายประจำ,งบรายจ่ายอื่น,ไม่มี,2020,kaniknun.k
งานพัฒนานักศึกษา,ค่าอาหารว่างสำหรับจัดประชุมกรรมการที่เกี่ยวข้องกับงานพัฒนานักศึกษา,5000,ส่วนกลางคณะ,แผนงานการบริหารการศึกษา,งานบริหารทั่วไป,รายจ่ายประจำ,งบดำเนินงาน,ค่าใช้สอย,2020,kaniknun.k
งานพัฒนานักศึกษา,ค่าใช้จ่ายในการทำบุบำรุงศิลปะวัฒนธรรมไทยของนักศึกษา,20000,ส่วนกลางคณะ,แผนงานทำนุบำรุงศิลปวัฒนธรรมไทย,งานทำนุบำรุงศิลปวัฒนธรรมไทย,รายจ่ายประจำ,งบรายจ่ายอื่น,ไม่มี,2020,kaniknun.k
งานเลขานุการคณบดี,"ค่าอาหาร,อาหารว่างและเครื่องดื่ม",10000,ส่วนกลางคณะ,แผนงานการบริหารการศึกษา,งานบริหารทั่วไป,รายจ่ายประจำ,งบดำเนินงาน,ค่าใช้สอย,2020,pattama.ru
งานการเจ้าหน้าที่,เงินสมทบค่าประกันสังคม,72000,ส่วนกลางคณะ,แผนงานการบริหารการศึกษา,งานบริหารทั่วไป,รายจ่ายประจำ,งบดำเนินงาน,ค่าใช้สอย,2020,pattama.ru
งานการเจ้าหน้าที่,เงินสมทบกองทุนสำรองเลี้ยงชีพ,90000,ส่วนกลางคณะ,แผนงานการบริหารการศึกษา,งานบริหารทั่วไป,รายจ่ายประจำ,งบดำเนินงาน,ค่าใช้สอย,2020,pattama.ru
งานการเจ้าหน้าที่,กองทุนเงินทดเเทน(สายสนับสนุน),4000,ส่วนกลางคณะ,แผนงานการบริหารการศึกษา,งานบริหารทั่วไป,รายจ่ายประจำ,งบดำเนินงาน,ค่าใช้สอย,2020,pattama.ru
งานการเจ้าหน้าที่,ค่าใช้จ่ายในกิจกรรมปีใหม่,35000,ส่วนกลางคณะ,แผนงานการบริหารการศึกษา,งานบริหารทั่วไป,รายจ่ายประจำ,งบรายจ่ายอื่น,ไม่มี,2020,pattama.ru
งานการเจ้าหน้าที่,ค่าใช้จ่ายในการจัดกิจกรรมพิเศษ,100000,ส่วนกลางคณะ,แผนงานการบริหารการศึกษา,งานบริหารทั่วไป,รายจ่ายประจำ,งบรายจ่ายอื่น,ไม่มี,2020,pattama.ru
งานการเจ้าหน้าที่,ค่ารักษาพยาบาล,47000,ส่วนกลางคณะ,แผนงานการบริหารการศึกษา,งานบริหารทั่วไป,รายจ่ายประจำ,งบรายจ่ายอื่น,ไม่มี,2020,pattama.ru
งานการเจ้าหน้าที่,ค่าประกันอุบัติเหตุกลุ่ม,9400,ส่วนกลางคณะ,แผนงานการบริหารการศึกษา,งานบริหารทั่วไป,รายจ่ายประจำ,งบรายจ่ายอื่น,ไม่มี,2020,pattama.ru
งานการเจ้าหน้าที่,ค่าประกันไวรัสโคโรน่า(COVID-19),28200,ส่วนกลางคณะ,แผนงานการบริหารการศึกษา,งานบริหารทั่วไป,รายจ่ายประจำ,งบรายจ่ายอื่น,ไม่มี,2020,pattama.ru
งานการเจ้าหน้าที่,เงินบริจาคการกุศล,10000,ส่วนกลางคณะ,แผนงานการบริหารการศึกษา,งานบริหารทั่วไป,รายจ่ายประจำ,งบเงินอุดหนุน,ไม่มี,2020,pattama.ru
งานการเจ้าหน้าที่,ค่าวัสดุ,10000,ส่วนกลางคณะ,แผนงานการบริหารการศึกษา,งานบริหารทั่วไป,รายจ่ายประจำ,งบดำเนินงาน,ค่าวัสดุ,2020,pattama.ru
งานการเจ้าหน้าที่,ค่าสมนาคุณผู้ประเมินผลงานการเข้าสู่ตำแหน่งที่สูงขึ้นบุคลากรสายสนับสนุน,30000,ส่วนกลางคณะ,แผนงานการบริหารการศึกษา,งานพัฒนาบุคลากรฝ่ายบริหารและสายสนับสนุน,รายจ่ายประจำ,งบดำเนินงาน,ค่าตอบแทน,2020,pattama.ru
งานประชาสัมพันธ์,ค่าจ้างเหมาบริการ,15000,ส่วนกลางคณะ,แผนงานการบริหารการศึกษา,งานบริหารทั่วไป,รายจ่ายประจำ,งบดำเนินงาน,ค่าใช้สอย,2020,thitiya.t
งานวิเทศสัมพันธ์,ค่ารับรองและพิธีการ,10000,ส่วนกลางคณะ,แผนงานการบริหารการศึกษา,งานบริหารทั่วไป,รายจ่ายประจำ,งบดำเนินงาน,ค่าใช้สอย,2020,thitiya.t
งานประชาสัมพันธ์,ค่าวัสดุ,30000,ส่วนกลางคณะ,แผนงานการบริหารการศึกษา,งานบริหารทั่วไป,รายจ่ายประจำ,งบดำเนินงาน,ค่าวัสดุ,2020,thitiya.t
งานประชาสัมพันธ์,ค่าไปรษณีย์,3000,ส่วนกลางคณะ,แผนงานการบริหารการศึกษา,งานบริหารทั่วไป,รายจ่ายประจำ,งบดำเนินงาน,ค่าสาธารนูปโภค,2020,thitiya.t
งานการเจ้าหน้าที่,ค่าใช้จ่ายเดินทางไปประชุม สัมมนาและฝึกอบรม,289000,ส่วนกลางคณะ,แผนงานการบริหารการศึกษา,งานพัฒนาบุคลากรฝ่ายบริหารและสายสนับสนุน,รายจ่ายประจำ,งบดำเนินงาน,ค่าใช้สอย,2020,pattama.ru
งานประชาสัมพันธ์,เงินบริจาคการกุศล,25000,ส่วนกลางคณะ,แผนงานการบริหารการศึกษา,งานบริหารทั่วไป,รายจ่ายประจำ,งบเงินอุดหนุน,ไม่มี,2020,thitiya.t
งานการเจ้าหน้าที่,ค่าใช้จ่ายเดินทางไปประชุม สัมมนาและฝึกอบรมที่เกี่ยวข้องกับงานบริหาร,120000,ส่วนกลางคณะ,แผนงานการบริหารการศึกษา,งานพัฒนาบุคลากรฝ่ายบริหารและสายสนับสนุน,รายจ่ายประจำ,งบดำเนินงาน,ค่าใช้สอย,2020,pattama.ru
งานการเจ้าหน้าที่,ค่าจ้างพนักงานเงินรายได้ตำแหน่งอาจารย์วุฒิปริญญาโท,732000,ส่วนกลางคณะ,แผนงานจัดการศึกษา,งานจัดการศึกษาคณะเศรษฐศาสตร์,รายจ่ายประจำ,งบบุคลากร,ค่าจ้าง,2020,pattama.ru
งานการเจ้าหน้าที่,เงินสมทบประกันสังคม,27000,ส่วนกลางคณะ,แผนงานจัดการศึกษา,งานจัดการศึกษาคณะเศรษฐศาสตร์,รายจ่ายประจำ,งบดำเนินงาน,ค่าใช้สอย,2020,pattama.ru
งานการเจ้าหน้าที่,เงินสมทบกองทุนสำรองเลี้ยงชีพ,55000,ส่วนกลางคณะ,แผนงานจัดการศึกษา,งานจัดการศึกษาคณะเศรษฐศาสตร์,รายจ่ายประจำ,งบดำเนินงาน,ค่าใช้สอย,2020,pattama.ru
งานการเจ้าหน้าที่,เงินสมทบกองทุนพนักงานมหาวิทยาลัย,22300,ส่วนกลางคณะ,แผนงานจัดการศึกษา,งานจัดการศึกษาคณะเศรษฐศาสตร์,รายจ่ายประจำ,งบดำเนินงาน,ค่าใช้สอย,2020,pattama.ru
งานประชาสัมพันธ์,ค่าใช้จ่ายประชาสัมพันธ์คณะเศรษฐศาสตร์,100000,ส่วนกลางคณะ,แผนงานการบริหารการศึกษา,งานบริหารทั่วไป,รายจ่ายประจำ,งบรายจ่ายอื่น,ไม่มี,2020,thitiya.t
งานการเจ้าหน้าที่,กองทุนเงินทดแทน(สายวิชาการ),1000,ส่วนกลางคณะ,แผนงานจัดการศึกษา,งานจัดการศึกษาคณะเศรษฐศาสตร์,รายจ่ายประจำ,งบดำเนินงาน,ค่าใช้สอย,2020,pattama.ru
งานวิเทศสัมพันธ์,ค่าใช้จ่ายงานวิเทศสัมพันธ์ และงานองค์กรสัมพันธ์,100000,ส่วนกลางคณะ,แผนงานการบริหารการศึกษา,งานบริหารทั่วไป,รายจ่ายประจำ,งบรายจ่ายอื่น,ไม่มี,2020,thitiya.t
งานประชาสัมพันธ์,ค่าใช้จ่ายการจัดกิจกรรมพิเศษ,15000,ส่วนกลางคณะ,แผนงานการบริหารการศึกษา,งานบริหารทั่วไป,รายจ่ายประจำ,งบรายจ่ายอื่น,ไม่มี,2020,thitiya.t
งานการเจ้าหน้าที่,ค่าสมนาคุณผู้ประเมินผลงานทางวิชาการ,40000,ส่วนกลางคณะ,แผนงานสนับสนุนการศึกษา,งานพัฒนาหลักสูตรและการเรียนการสอน,รายจ่ายประจำ,งบดำเนินงาน,ค่าตอบแทน,2020,pattama.ru
งานวิเทศสัมพันธ์,ค่าใช้จ่ายเกี่ยบกับหนังสือเดินทาง ค่าวีซ่า Work Permit ของบุคลากรชาวต่างประเทศ,10000,ส่วนกลางคณะ,แผนงานจัดการศึกษา,งานจัดการศึกษาคณะเศรษฐศาสตร์,รายจ่ายประจำ,งบดำเนินงาน,ค่าใช้สอย,2020,thitiya.t
งานวิเทศสัมพันธ์,ค่าเดินทางมาดำรงตำแหน่งของบุคลากรชาวต่างประเทศ,100000,ส่วนกลางคณะ,แผนงานจัดการศึกษา,งานจัดการศึกษาคณะเศรษฐศาสตร์,รายจ่ายประจำ,งบดำเนินงาน,ค่าใช้สอย,2020,thitiya.t
งานบริการวิชาการ,ค่าเบี้ยเลี้ยง ค่าเช่าที่พักและค่ายานพาหนะ,50000,ส่วนกลางคณะ,แผนงานบริการวิชาการ,งานบริการวิชาการเพื่อสังคม,รายจ่ายประจำ,งบดำเนินงาน,ค่าใช้สอย,2020,thitiya.t
งานบริการวิชาการ,ค่าใช้จ่ายสนับสนุนกิจกรรมบริการวิชาการของคณะ,150000,ส่วนกลางคณะ,แผนงานบริการวิชาการ,งานบริการวิชาการเพื่อสังคม,รายจ่ายประจำ,งบรายจ่ายอื่น,ไม่มี,2020,thitiya.t
งานการเจ้าหน้าที่,ค่าเอกสารประกอบการสอนและเอกสารประกอบคำสอน,10000,ส่วนกลางคณะ,แผนงานสนับสนุนการศึกษา,งานพัฒนาหลักสูตรและการเรียนการสอน,รายจ่ายประจำ,งบดำเนินงาน,ค่าวัสดุ,2020,pattama.ru
งานบริการวิชาการ,ค่าใช้จ่ายสนับสนุนงานบริการวิชาการของสาขาวิชาเศรษฐศาสตร์,50000,สาขาวิชาเศรษฐศาสตร์,แผนงานบริการวิชาการ,งานบริการวิชาการเพื่อสังคม,รายจ่ายประจำ,งบรายจ่ายอื่น,ไม่มี,2020,thitiya.t
งานการเจ้าหน้าที่,ค่าใช้จ่ายในการเดินทางประชุม สัมมนาและฝึกอบรม,650000,ส่วนกลางคณะ,แผนงานสนับสนุนการศึกษา,งานพัฒนาบุคลากรสายวิชาการ (สาย ก),รายจ่ายประจำ,งบดำเนินงาน,ค่าใช้สอย,2020,pattama.ru
งานบริการวิชาการ,กิจกรรม ม.อ.วิชาการ,150000,ส่วนกลางคณะ,แผนงานบริการวิชาการ,งานบริการวิชาการเพื่อสังคม,รายจ่ายประจำ,งบรายจ่ายอื่น,ไม่มี,2020,thitiya.t
งานบริการวิชาการ,ค่าใช้จ่ายสนับสนุนการจัดโครงการบริการวิชาการที่มีการเก็บค่าลงทะเบียน,120000,ส่วนกลางคณะ,แผนงานบริการวิชาการ,งานบริการวิชาการเพื่อหารายได้,รายจ่ายประจำ,งบรายจ่ายอื่น,ไม่มี,2020,thitiya.t
งานบริการการศึกษา,ฝึกงานและสหกิจศึกษา,60000,สาขาวิชาเศรษฐศาสตร์,แผนงานจัดการศึกษา,งานจัดการศึกษาคณะเศรษฐศาสตร์,รายจ่ายประจำ,งบเงินอุดหนุน,ไม่มี,2020,thiti.m
งานการเจ้าหน้าที่,ทุนอุดหนุนค่าสอบภาษาต่างประเทศ,36000,ส่วนกลางคณะ,แผนงานสนับสนุนการศึกษา,งานพัฒนาบุคลากรสายวิชาการ (สาย ก),รายจ่ายประจำ,งบเงินอุดหนุน,ไม่มี,2020,pattama.ru
งานบริการการศึกษา,การศึกษาดูงานในรายวิชา,50000,สาขาวิชาเศรษฐศาสตร์,แผนงานจัดการศึกษา,งานจัดการศึกษาคณะเศรษฐศาสตร์,รายจ่ายประจำ,งบเงินอุดหนุน,ไม่มี,2020,thiti.m
งานบริการการศึกษา,กิจกรรม PBL,5000,สาขาวิชาเศรษฐศาสตร์,แผนงานจัดการศึกษา,งานจัดการศึกษาคณะเศรษฐศาสตร์,รายจ่ายประจำ,งบเงินอุดหนุน,ไม่มี,2020,thiti.m
งานการเจ้าหน้าที่,ทุนอุดหนุนการศึกษาต่อ,2000000,ส่วนกลางคณะ,แผนงานสนับสนุนการศึกษา,งานพัฒนาบุคลากรสายวิชาการ (สาย ก),รายจ่ายประจำ,งบเงินอุดหนุน,ไม่มี,2020,pattama.ru
งานประกันคุณภาพ,ค่าตอบแทนกรรมการประเมินคุณภาพภายนอกของหลักสูตรในสาขาวิชาเศรษฐศาสตร์ (1 หลักสูตร),11000,สาขาวิชาเศรษฐศาสตร์,แผนงานการบริหารการศึกษา,งานบริหารทั่วไป,รายจ่ายประจำ,งบดำเนินงาน,ค่าตอบแทน,2020,sirikarn.k
งานบริการการศึกษา,ฝึกงานและสหกิจศึกษา,80000,สาขาวิชาเศรษฐศาสตร์เกษตร,แผนงานจัดการศึกษา,งานจัดการศึกษาคณะเศรษฐศาสตร์,รายจ่ายประจำ,งบเงินอุดหนุน,ไม่มี,2020,thiti.m
งานบริการการศึกษา,การศึกษาดูงานในรายวิชา,50000,สาขาวิชาเศรษฐศาสตร์เกษตร,แผนงานจัดการศึกษา,งานจัดการศึกษาคณะเศรษฐศาสตร์,รายจ่ายประจำ,งบเงินอุดหนุน,ไม่มี,2020,thiti.m
งานการเจ้าหน้าที่,ทุนอุดหนุนการเรียนภาษาเพิ่มเติม,40000,ส่วนกลางคณะ,แผนงานสนับสนุนการศึกษา,งานพัฒนาบุคลากรสายวิชาการ (สาย ก),รายจ่ายประจำ,งบเงินอุดหนุน,ไม่มี,2020,pattama.ru
งานบริการการศึกษา,กิจกรรมการเรียนรู้วิถีชีวิตชุมชนเกษตร,60000,สาขาวิชาเศรษฐศาสตร์เกษตร,แผนงานจัดการศึกษา,งานจัดการศึกษาคณะเศรษฐศาสตร์,รายจ่ายประจำ,งบเงินอุดหนุน,ไม่มี,2020,thiti.m
งานอาคารสถานที่และยานพาหนะ,ค่าแบตเตอรี่ไฟฉุกเฉิน(วัสดุ),60000,ส่วนกลางคณะ,แผนงานการบริหารการศึกษา,งานบริหารทั่วไป,รายจ่ายประจำ,งบดำเนินงาน,ค่าวัสดุ,2020,thanita.s
งานบริการการศึกษา,สนับสนุนการใช้งาน Tell Me More และ PSU English Test,5000,ส่วนกลางคณะ,แผนงานการบริหารการศึกษา,งานจัดการศึกษาคณะเศรษฐศาสตร์,รายจ่ายประจำ,งบเงินอุดหนุน,ไม่มี,2020,thiti.m
งานบริการการศึกษา,ค่าตรวจข้อสอบ,40000,ส่วนกลางคณะ,แผนงานจัดการศึกษา,งานจัดการศึกษาคณะเศรษฐศาสตร์,รายจ่ายประจำ,งบดำเนินงาน,ค่าตอบแทน,2020,thiti.m
งานประกันคุณภาพ,ค่าตอบแทนกรรมการประเมินคุณภาพภายนอกของหลักสูตรในสาขาวิชาเศรษฐศาสตร์เกษตร (2 หลักสูตร),22000,สาขาวิชาเศรษฐศาสตร์เกษตร,แผนงานการบริหารการศึกษา,งานบริหารทั่วไป,รายจ่ายประจำ,งบดำเนินงาน,ค่าตอบแทน,2020,sirikarn.k
งานประกันคุณภาพ,ค่าอาหารและเครื่องดื่ม การประเมิน EdPEx,3500,ส่วนกลางคณะ,แผนงานการบริหารการศึกษา,งานบริหารทั่วไป,รายจ่ายประจำ,งบดำเนินงาน,ค่าใช้สอย,2020,sirikarn.k
งานการเจ้าหน้าที่,ค่าของที่ระลึกผู้ประเมินเอกสารประกอบการสอนเเละเอกสารประกอบคำสอน,5000,ส่วนกลางคณะ,แผนงานสนับสนุนการศึกษา,งานพัฒนาหลักสูตรและการเรียนการสอน,รายจ่ายประจำ,งบดำเนินงาน,ค่าวัสดุ,2020,pattama.ru
งานบริหารความเสี่ยง,ค่าอาหารและเครื่องดื่ม การประชุมคณะกรรมการควบคุมภายในและบริหารความเสี่ยง และการเข้าปฏิบัติงานตรวจสอบโดยหน่วยตรวจสอบ,900,ส่วนกลางคณะ,แผนงานการบริหารการศึกษา,งานบริหารทั่วไป,รายจ่ายประจำ,งบดำเนินงาน,ค่าใช้สอย,2020,sirikarn.k
งานประกันคุณภาพ,ค่าอาหารและเครื่องดื่ม การประเมินภายในแบบ site visit หลักสูตรของสาขาวิชาเศรษฐศาสตร์,3000,สาขาวิชาเศรษฐศาสตร์,แผนงานการบริหารการศึกษา,งานบริหารทั่วไป,รายจ่ายประจำ,งบดำเนินงาน,ค่าใช้สอย,2020,sirikarn.k
งานประกันคุณภาพ,ค่าอาหารและเครื่องดื่ม การประเมินภายในแบบ site visit หลักสูตรของสาขาวิชาเศรษฐศาสตร์เกษตร,4880,สาขาวิชาเศรษฐศาสตร์เกษตร,แผนงานการบริหารการศึกษา,งานบริหารทั่วไป,รายจ่ายประจำ,งบดำเนินงาน,ค่าใช้สอย,2020,sirikarn.k
งานบริหารความเสี่ยง,ค่าอาหารและเครื่องดื่ม กิจกรรมการเข้าสอบทานภายใน (โดยหน่วยตรวจสอบ),600,ส่วนกลางคณะ,แผนงานการบริหารการศึกษา,งานบริหารทั่วไป,รายจ่ายประจำ,งบดำเนินงาน,ค่าใช้สอย,2020,sirikarn.k
งานประกันคุณภาพ,ค่าเดินทางและที่พักของกรรมการภายนอกที่มาประเมินหลักสูตร สาขาวิชาเศรษฐศาสตร์,16000,สาขาวิชาเศรษฐศาสตร์,แผนงานการบริหารการศึกษา,งานบริหารทั่วไป,รายจ่ายประจำ,งบดำเนินงาน,ค่าใช้สอย,2020,sirikarn.k
งานประกันคุณภาพ,ค่าเดินทางและที่พักของกรรมการภายนอกที่มาประเมินหลักสูตร สาขาวิชาเศรษฐศาสตร์เกษตร,32000,สาขาวิชาเศรษฐศาสตร์เกษตร,แผนงานการบริหารการศึกษา,งานบริหารทั่วไป,รายจ่ายประจำ,งบดำเนินงาน,ค่าใช้สอย,2020,sirikarn.k
งานการเจ้าหน้าที่,โครงการพัฒนาบุคลากรสายวิชาการ,20000,ส่วนกลางคณะ,แผนงานสนับสนุนการศึกษา,งานพัฒนาบุคลากรสายวิชาการ (สาย ก),รายจ่ายประจำ,งบรายจ่ายอื่น,ไม่มี,2020,pattama.ru
งานการเจ้าหน้าที่,โครงการพัฒนาบุคลากรสายวิชาการ(สาขาวิชาเศรษฐศาสตร์)),140000,สาขาวิชาเศรษฐศาสตร์,แผนงานสนับสนุนการศึกษา,งานพัฒนาบุคลากรสายวิชาการ (สาย ก),รายจ่ายประจำ,งบรายจ่ายอื่น,ไม่มี,2020,pattama.ru
งานการเจ้าหน้าที่,โครงการพัฒนาบุคลากรสายวิชาการ(สาขาวิชาเศรษฐศาสตร์เกษตร),100000,สาขาวิชาเศรษฐศาสตร์เกษตร,แผนงานสนับสนุนการศึกษา,งานพัฒนาบุคลากรสายวิชาการ (สาย ก),รายจ่ายประจำ,งบรายจ่ายอื่น,ไม่มี,2020,pattama.ru
งานการเจ้าหน้าที่,ค่าใช้จ่ายทำนุบำรุงศิลปวัฒนธรรมไทยของบุคลากรคณะฯ,25000,ส่วนกลางคณะ,แผนงานทำนุบำรุงศิลปวัฒนธรรมไทย,งานทำนุบำรุงศิลปวัฒนธรรมไทย,รายจ่ายประจำ,งบรายจ่ายอื่น,ไม่มี,2020,pattama.ru
งานการเจ้าหน้าที่,โครงการสัมมนาประจำปี,100000,ส่วนกลางคณะ,แผนงานการบริหารการศึกษา,งานพัฒนาบุคลากรฝ่ายบริหารและสายสนับสนุน,รายจ่ายประจำ,งบรายจ่ายอื่น,ไม่มี,2020,pattama.ru
งานการเจ้าหน้าที่,โครงการพัฒนาบุคลากรสายสนับสนุน,30000,ส่วนกลางคณะ,แผนงานการบริหารการศึกษา,งานพัฒนาบุคลากรฝ่ายบริหารและสายสนับสนุน,รายจ่ายประจำ,งบรายจ่ายอื่น,ไม่มี,2020,pattama.ru
งานประกันคุณภาพ,ค่าจัดทำเล่ม EdPEx,2500,ส่วนกลางคณะ,แผนงานการบริหารการศึกษา,งานบริหารทั่วไป,รายจ่ายประจำ,งบดำเนินงาน,ค่าวัสดุ,2020,sirikarn.k
งานประกันคุณภาพ,ค่าจัดทำเล่ม SAR หลักสูตร ของสาขาวิชาเศรษฐศาสตร์,1100,สาขาวิชาเศรษฐศาสตร์,แผนงานการบริหารการศึกษา,งานบริหารทั่วไป,รายจ่ายประจำ,งบดำเนินงาน,ค่าวัสดุ,2020,sirikarn.k
งานประกันคุณภาพ,ค่าจัดทำเล่ม SAR หลักสูตร ของสาขาวิชาเศรษฐศาสตร์เกษตร,2200,สาขาวิชาเศรษฐศาสตร์เกษตร,แผนงานการบริหารการศึกษา,งานบริหารทั่วไป,รายจ่ายประจำ,งบดำเนินงาน,ค่าวัสดุ,2020,sirikarn.k
งานประกันคุณภาพ,การดูงาน/ศึกษาแนวปฏิบัติที่ดีของหลักสูตรสืบเนื่องจากการ Benchmark สาขาวิชาเศรษฐศาสตร์,15700,สาขาวิชาเศรษฐศาสตร์,แผนงานสนับสนุนการศึกษา,งานพัฒนาหลักสูตรและการเรียนการสอน,รายจ่ายประจำ,งบดำเนินงาน,ค่าใช้สอย,2020,sirikarn.k
งานประกันคุณภาพ,การดูงาน/ศึกษาแนวปฏิบัติที่ดีของหลักสูตรสืบเนื่องจากการ Benchmark สาขาวิชาเศรษฐศาสตร์เกษตร,15700,สาขาวิชาเศรษฐศาสตร์เกษตร,แผนงานสนับสนุนการศึกษา,งานพัฒนาหลักสูตรและการเรียนการสอน,รายจ่ายประจำ,งบดำเนินงาน,ค่าใช้สอย,2020,sirikarn.k
งานบริการการศึกษา,ค่าสอน,60000,สาขาวิชาเศรษฐศาสตร์,แผนงานจัดการศึกษา,งานจัดการศึกษาคณะเศรษฐศาสตร์,รายจ่ายประจำ,งบดำเนินงาน,ค่าตอบแทน,2020,pachisa.k
งานบริการการศึกษา,ค่าสอน,14400,สาขาวิชาเศรษฐศาสตร์,แผนงานจัดการศึกษา,งานจัดการศึกษาคณะเศรษฐศาสตร์,รายจ่ายประจำ,งบดำเนินงาน,ค่าตอบแทน,2020,pachisa.k
งานวิจัย,โครงการอบรมความรู้ด้านวิจัยแก่บุคลากรสายสนับสนุน,6000,ส่วนกลางคณะ,แผนงานการบริหารการศึกษา,งานพัฒนาบุคลากรฝ่ายบริหารและสายสนับสนุน,รายจ่ายประจำ,งบรายจ่ายอื่น,ไม่มี,2020,sirikarn.k
งานบริการการศึกษา,ค่าสอน,60000,สาขาวิชาเศรษฐศาสตร์เกษตร,แผนงานจัดการศึกษา,งานจัดการศึกษาคณะเศรษฐศาสตร์,รายจ่ายประจำ,งบดำเนินงาน,ค่าตอบแทน,2020,pachisa.k
งานบริการการศึกษา,ค่าสอน,14400,สาขาวิชาเศรษฐศาสตร์เกษตร,แผนงานจัดการศึกษา,งานจัดการศึกษาคณะเศรษฐศาสตร์,รายจ่ายประจำ,งบดำเนินงาน,ค่าตอบแทน,2020,pachisa.k
งานบริการการศึกษา,ค่าตอบแทน,10000,ส่วนกลางคณะ,แผนงานจัดการศึกษา,งานจัดการศึกษาคณะเศรษฐศาสตร์,รายจ่ายประจำ,งบดำเนินงาน,ค่าตอบแทน,2020,pachisa.k
งานบริการการศึกษา,ค่าตอบแทน,15000,ส่วนกลางคณะ,แผนงานจัดการศึกษา,งานจัดการศึกษาคณะเศรษฐศาสตร์,รายจ่ายประจำ,งบดำเนินงาน,ค่าตอบแทน,2020,pachisa.k
งานเทคโนโลยีสารสนเทศ,เครื่องพิมพ์เลเซอร์,30000,สาขาวิชาเศรษฐศาสตร์,แผนงานการบริหารการศึกษา,งานบริหารทั่วไป,รายจ่ายลงทุน,งบลงทุน,ค่าครุภัณฑ์,2020,chaimanat.l
งานบริการการศึกษา,ค่าตอบแทน,20000,ส่วนกลางคณะ,แผนงานจัดการศึกษา,งานจัดการศึกษาคณะเศรษฐศาสตร์,รายจ่ายประจำ,งบดำเนินงาน,ค่าตอบแทน,2020,pachisa.k
งานบริการการศึกษา,ค่าตอบแทน,20000,ส่วนกลางคณะ,แผนงานจัดการศึกษา,งานจัดการศึกษาคณะเศรษฐศาสตร์,รายจ่ายประจำ,งบดำเนินงาน,ค่าตอบแทน,2020,pachisa.k
งานบริการการศึกษา,ค่าตอบแทน,15000,สาขาวิชาเศรษฐศาสตร์,แผนงานจัดการศึกษา,งานจัดการศึกษาคณะเศรษฐศาสตร์,รายจ่ายประจำ,งบดำเนินงาน,ค่าตอบแทน,2020,pachisa.k
งานบริการการศึกษา,ค่าตอบแทน,15000,สาขาวิชาเศรษฐศาสตร์เกษตร,แผนงานจัดการศึกษา,งานจัดการศึกษาคณะเศรษฐศาสตร์,รายจ่ายประจำ,งบดำเนินงาน,ค่าตอบแทน,2020,pachisa.k
งานบริการการศึกษา,ค่าคุมสอบ,30000,ส่วนกลางคณะ,แผนงานจัดการศึกษา,งานจัดการศึกษาคณะเศรษฐศาสตร์,รายจ่ายประจำ,งบดำเนินงาน,ค่าตอบแทน,2020,pachisa.k
งานบริการการศึกษา,ค่าเดินทางอาจารย์พิเศษ,128000,สาขาวิชาเศรษฐศาสตร์,แผนงานจัดการศึกษา,งานจัดการศึกษาคณะเศรษฐศาสตร์,รายจ่ายประจำ,งบดำเนินงาน,ค่าใช้สอย,2020,pachisa.k
งานบริการการศึกษา,ค่าเดินทางอาจารย์พิเศษ,42000,สาขาวิชาเศรษฐศาสตร์เกษตร,แผนงานจัดการศึกษา,งานจัดการศึกษาคณะเศรษฐศาสตร์,รายจ่ายประจำ,งบดำเนินงาน,ค่าใช้สอย,2020,pachisa.k
งานบริการการศึกษา,ค่าเดินทางอาจารย์พิเศษ,9000,สาขาวิชาเศรษฐศาสตร์เกษตร,แผนงานจัดการศึกษา,งานจัดการศึกษาคณะเศรษฐศาสตร์,รายจ่ายประจำ,งบดำเนินงาน,ค่าใช้สอย,2020,pachisa.k
งานบริการการศึกษา,ค่าเดินทางทางอาจารย์พิเศษ,20000,สาขาวิชาเศรษฐศาสตร์เกษตร,แผนงานจัดการศึกษา,งานจัดการศึกษาคณะเศรษฐศาสตร์,รายจ่ายประจำ,งบดำเนินงาน,ค่าใช้สอย,2020,pachisa.k
งานบริการการศึกษา,ค่ารับรองอาจารย์พิเศษ,12000,สาขาวิชาเศรษฐศาสตร์,แผนงานจัดการศึกษา,งานจัดการศึกษาคณะเศรษฐศาสตร์,รายจ่ายประจำ,งบดำเนินงาน,ค่าใช้สอย,2020,pachisa.k
งานบริการการศึกษา,ค่ารับรองอาจารย์พิเศษ,12000,สาขาวิชาเศรษฐศาสตร์เกษตร,แผนงานจัดการศึกษา,งานจัดการศึกษาคณะเศรษฐศาสตร์,รายจ่ายประจำ,งบดำเนินงาน,ค่าใช้สอย,2020,pachisa.k
งานบริการการศึกษา,ค่าอาหาร อาหารว่างและเครื่องดื่ม,10000,สาขาวิชาเศรษฐศาสตร์,แผนงานจัดการศึกษา,งานจัดการศึกษาคณะเศรษฐศาสตร์,รายจ่ายประจำ,งบดำเนินงาน,ค่าใช้สอย,2020,pachisa.k
งานบริการการศึกษา,ค่าอาหาร อาหารว่างและเครื่องดื่ม,10000,สาขาวิชาเศรษฐศาสตร์เกษตร,แผนงานจัดการศึกษา,งานจัดการศึกษาคณะเศรษฐศาสตร์,รายจ่ายประจำ,งบดำเนินงาน,ค่าใช้สอย,2020,pachisa.k
งานบริการการศึกษา,ค่าบริหารสิทธิ์,2000,ส่วนกลางคณะ,แผนงานจัดการศึกษา,งานจัดการศึกษาคณะเศรษฐศาสตร์,รายจ่ายประจำ,งบดำเนินงาน,ค่าใช้สอย,2020,pachisa.k
งานบริการการศึกษา,ค่าวัสดุการศึกษา,30000,ส่วนกลางคณะ,แผนงานจัดการศึกษา,งานจัดการศึกษาคณะเศรษฐศาสตร์,รายจ่ายประจำ,งบดำเนินงาน,ค่าวัสดุ,2020,pachisa.k
งานบริการการศึกษา,ค่าของที่ระลึก,8000,สาขาวิชาเศรษฐศาสตร์,แผนงานจัดการศึกษา,งานจัดการศึกษาคณะเศรษฐศาสตร์,รายจ่ายประจำ,งบเงินอุดหนุน,ค่าวัสดุ,2020,pachisa.k
งานบริการการศึกษา,ค่าของที่ระลึก,16000,สาขาวิชาเศรษฐศาสตร์เกษตร,แผนงานจัดการศึกษา,งานจัดการศึกษาคณะเศรษฐศาสตร์,รายจ่ายประจำ,งบดำเนินงาน,ค่าวัสดุ,2020,pachisa.k
งานบริการการศึกษา,สนับสนุนการเรียนการสอนสาขาวิชาเศรษฐศาสตร์,75000,สาขาวิชาเศรษฐศาสตร์,แผนงานจัดการศึกษา,งานจัดการศึกษาคณะเศรษฐศาสตร์,รายจ่ายประจำ,งบเงินอุดหนุน,ไม่มี,2020,pachisa.k
งานบริการการศึกษา,สนับสนุนการเรียนการสอนสาขาวิชาเศรษฐศาสตร์,64000,สาขาวิชาเศรษฐศาสตร์,แผนงานจัดการศึกษา,งานจัดการศึกษาคณะเศรษฐศาสตร์,รายจ่ายประจำ,งบเงินอุดหนุน,ไม่มี,2020,pachisa.k
งานบริการการศึกษา,สนับสนุนการเรียนการสอนสาขาวิชาเศรษฐศาสตร์เกษตร,75000,สาขาวิชาเศรษฐศาสตร์เกษตร,แผนงานจัดการศึกษา,งานจัดการศึกษาคณะเศรษฐศาสตร์,รายจ่ายประจำ,งบเงินอุดหนุน,ไม่มี,2020,pachisa.k
งานบริการการศึกษา,สนับสนุนการเรียนการสอนสาขาวิชาเศรษฐศาสตร์เกษตร,160000,สาขาวิชาเศรษฐศาสตร์เกษตร,แผนงานจัดการศึกษา,งานจัดการศึกษาคณะเศรษฐศาสตร์,รายจ่ายประจำ,งบเงินอุดหนุน,ไม่มี,2020,pachisa.k
งานพัฒนานักศึกษา,สนับสนุนการเรียนการสอนรายวิชาหมวดศึกษาทั่วไป,30000,ส่วนกลางคณะ,แผนงานจัดการศึกษา,งานจัดการศึกษาคณะเศรษฐศาสตร์,รายจ่ายประจำ,งบเงินอุดหนุน,ไม่มี,2020,kaniknun.k
งานวิจัย,เศรษฐวิจัย,40000,สาขาวิชาเศรษฐศาสตร์,แผนงานจัดการศึกษา,งานจัดการศึกษาคณะเศรษฐศาสตร์,รายจ่ายประจำ,งบเงินอุดหนุน,ไม่มี,2020,sirikarn.k
งานวิจัย,การเสนอผลงานทางวิชาการของนักศึกษาสาขาวิชาเศรษฐศาสตร์เกษตร,20000,สาขาวิชาเศรษฐศาสตร์เกษตร,แผนงานจัดการศึกษา,งานจัดการศึกษาคณะเศรษฐศาสตร์,รายจ่ายประจำ,งบเงินอุดหนุน,ไม่มี,2020,sirikarn.k
งานวิจัย,กิจกรรม Academic Lunch Talks แลกเปลี่ยนความคิดเห็นทางวิชาการและงานวิจัย,10000,สาขาวิชาเศรษฐศาสตร์เกษตร,แผนงานสนับสนุนการศึกษา,งานพัฒนาหลักสูตรและการเรียนการสอน,รายจ่ายประจำ,งบรายจ่ายอื่น,ค่าใช้สอย,2020,sirikarn.k
งานวิจัย,ค่าใช้จ่ายประชาสัมพันธ์งานวิจัย สาขาวิชาเศรษฐศาสตร์,5000,สาขาวิชาเศรษฐศาสตร์,แผนงานการวิจัย,งานสนับสนุนวิจัย,รายจ่ายประจำ,งบรายจ่ายอื่น,ค่าวัสดุ,2020,sirikarn.k
งานวิจัย,ค่าใช้จ่ายประชาสัมพันธ์งานวิจัย สาขาวิชาเศรษฐศาสตร์เกษตร,5000,สาขาวิชาเศรษฐศาสตร์เกษตร,แผนงานการวิจัย,งานสนับสนุนวิจัย,รายจ่ายประจำ,งบรายจ่ายอื่น,ค่าวัสดุ,2020,sirikarn.k
งานห้องอ่านหนังสือ,ค่าวัสดุ วารสาร และตำราเรียน/แบบจำลองเกม,20000,ส่วนกลางคณะ,แผนงานสนับสนุนการศึกษา,งานพัฒนาหลักสูตรและการเรียนการสอน,รายจ่ายประจำ,งบดำเนินงาน,ค่าวัสดุ,2020,sirikarn.k
งานวิจัย,การประชุมเครือข่ายเศรษฐศาสตร์เกษตร 5 สถาบัน & สัมมนาประจำปีสาขาวิชาเศรษฐศาสตร์เกษตร,100000,สาขาวิชาเศรษฐศาสตร์เกษตร,แผนงานสนับสนุนการศึกษา,งานพัฒนาบุคลากรสายวิชาการ (สาย ก),รายจ่ายประจำ,งบรายจ่ายอื่น,ค่าใช้สอย,2020,sirikarn.k
งานการเจ้าหน้าที่,ค่าตอบแทนนอกเหนือจากเงินเดือน,1008000,ส่วนกลางคณะ,แผนงานการบริหารการศึกษา,งานบริหารทั่วไป,รายจ่ายประจำ,งบดำเนินงาน,ค่าตอบแทน,2020,pattama.ru
งานการเจ้าหน้าที่,ค่าโทรศัพท์,39000,ส่วนกลางคณะ,แผนงานการบริหารการศึกษา,งานบริหารทั่วไป,รายจ่ายประจำ,งบดำเนินงาน,ค่าสาธารนูปโภค,2020,pattama.ru
งานเทคโนโลยีสารสนเทศ,จอคอมพิวเตอร์,4500,ส่วนกลางคณะ,แผนงานการบริหารการศึกษา,งานบริหารทั่วไป,รายจ่ายประจำ,งบลงทุน,ค่าครุภัณฑ์,2020,chaimanat.l
งานแผน,ค่าเบี้ยประชุม,30000,ส่วนกลางคณะ,แผนงานการบริหารการศึกษา,งานบริหารทั่วไป,รายจ่ายประจำ,งบดำเนินงาน,ค่าตอบแทน,2020,manasikarn.sm
งานพัสดุ,ค่าจ้างเหมาบุคคล,60000,ส่วนกลางคณะ,แผนงานการบริหารการศึกษา,งานบริหารทั่วไป,รายจ่ายประจำ,งบดำเนินงาน,ค่าใช้สอย,2020,manasikarn.sm
งานการเจ้าหน้าที่,ค่าใช้จ่ายกิจกรรม 5ส,25000,ส่วนกลางคณะ,แผนงานการบริหารการศึกษา,งานบริหารทั่วไป,รายจ่ายประจำ,งบรายจ่ายอื่น,ไม่มี,2020,manasikarn.sm
งานการเจ้าหน้าที่,ค่าบรรณสารสงเคราะห์สายสนับสนุน,1200,ส่วนกลางคณะ,แผนงานการบริหารการศึกษา,งานพัฒนาบุคลากรฝ่ายบริหารและสายสนับสนุน,รายจ่ายประจำ,งบเงินอุดหนุน,ไม่มี,2020,manasikarn.sm
งานการเจ้าหน้าที่,ตำแหน่งอาจารย์ พนักงานมหาวิทยาลัยเงินรายได้,324000,ส่วนกลางคณะ,แผนงานจัดการศึกษา,งานจัดการศึกษาคณะเศรษฐศาสตร์,รายจ่ายประจำ,งบบุคลากร,ค่าจ้าง,2020,manasikarn.sm
งานการเจ้าหน้าที่,ค่าบรรณสารสงเคราะห์สายวิชาการ,32400,ส่วนกลางคณะ,แผนงานสนับสนุนการศึกษา,งานพัฒนาหลักสูตรและการเรียนการสอน,รายจ่ายประจำ,งบเงินอุดหนุน,ไม่มี,2020,manasikarn.sm
งานการเจ้าหน้าที่,เงินสมทบบรรณสารสงเคราะห์,102600,ส่วนกลางคณะ,แผนงานสนับสนุนการศึกษา,งานพัฒนาบุคลากรสายวิชาการ (สาย ก),รายจ่ายประจำ,งบรายจ่ายอื่น,ไม่มี,2020,manasikarn.sm
งานแผน,ค่าอาหาร อาหารว่างและเครื่องดื่ม,5000,ส่วนกลางคณะ,แผนงานการบริหารการศึกษา,งานบริหารทั่วไป,รายจ่ายประจำ,งบดำเนินงาน,ค่าใช้สอย,2020,manasikarn.sm
งานเทคโนโลยีสารสนเทศ,ชุดโปรแกรม Adobe Cloud,19200,ส่วนกลางคณะ,แผนงานการบริหารการศึกษา,งานบริหารทั่วไป,รายจ่ายประจำ,งบดำเนินงาน,ค่าใช้สอย,2020,chaimanat.l
งานการเจ้าหน้าที่,ค่าตอบแทนปฏิบัติงานนอกเวลาราชการ,10000,ส่วนกลางคณะ,แผนงานการบริหารการศึกษา,งานบริหารทั่วไป,รายจ่ายประจำ,งบดำเนินงาน,ค่าตอบแทน,2020,manasikarn.sm
งานสารบรรณ,ค่าไปรษณีย์,5000,ส่วนกลางคณะ,แผนงานการบริหารการศึกษา,งานบริหารทั่วไป,รายจ่ายประจำ,งบดำเนินงาน,ค่าสาธารนูปโภค,2020,manasikarn.sm
งานสารบรรณ,ค่าโทรศัพท์คณะ (หมายเลขภายใน),50000,ส่วนกลางคณะ,แผนงานการบริหารการศึกษา,งานบริหารทั่วไป,รายจ่ายประจำ,งบดำเนินงาน,ค่าสาธารนูปโภค,2020,manasikarn.sm
งานบริการวิชาการ,ค่าใช้จ่ายสนับสนุนงานบริการวิชาการของสาขาวิชาเศรษฐศาสตร์เกษตร,50000,สาขาวิชาเศรษฐศาสตร์เกษตร,แผนงานบริการวิชาการ,งานบริการวิชาการเพื่อสังคม,รายจ่ายประจำ,งบรายจ่ายอื่น,ไม่มี,2020,manasikarn.sm
