IDPlans,Department,Title,Amount,Detail,UseForUnit,PlanName,WorkName,BudgetName,BudgetType,EmpCatagory,GroupType,Year,PSUPassport,FileUpload
5,งานอาคารสถานที่และยานพาหนะ,ค่าตอบแทนพนักงานขับรถ,15000,"สำหรับจ่ายให้พนักงานขับรถกรณีขับรถนอกเวลาราชการ จำนวน 12 เดือนๆละ 1,250 บาท",ส่วนกลางคณะ,แผนงานการบริหารการศึกษา,งานบริหารทั่วไป,รายจ่ายประจำ,งบดำเนินงาน,ค่าตอบแทน,ไม่ต้องจับกลุ่ม group,2020,thanita.s,
6,งานอาคารสถานที่และยานพาหนะ,ค่าตอบแทนพนักงานรักษาความปลอดภัย,48000,"สำหรับจ่ายให้ รปภ. กรณีทำงานนอกเวลาราชการ จำนวน 2 คน และจำนวน 12 เดือนๆ 4,000 บาท",ส่วนกลางคณะ,แผนงานการบริหารการศึกษา,งานบริหารทั่วไป,รายจ่ายประจำ,งบดำเนินงาน,ค่าตอบแทน,ไม่ต้องจับกลุ่ม group,2020,thanita.s,
7,งานอาคารสถานที่และยานพาหนะ,เงินช่วยเหลือค่าอาหารพนักงานขับรถ,3000,เพื่อเป็นค่าสมนาคุณพนักงานขับรถตามระเบียบฯ กรณีไม่สามารถเบิกค่าล่วงเวลาได้ และสำหรับพนักงานขับรถของคณะฯ และของมหาวิทยาลัย,ส่วนกลางคณะ,แผนงานการบริหารการศึกษา,งานบริหารทั่วไป,รายจ่ายประจำ,งบดำเนินงาน,ค่าใช้สอย,ไม่ต้องจับกลุ่ม group,2020,thanita.s,
8,งานพัสดุ,ค่าเช่า,65000,"- เพื่อเป็นค่าใช้จ่ายในการใช้ห้องของคณะอื่นๆ (สอบถามรายวิชาจากงานบริการการศึกษา) จำนวน 5,000 บาท - ค่าเช่าครุภัณฑ์ เครื่องถ่ายเอกสาร เดือนละ 5,000 บาท จำนวน 12 เดือน รวม 60,000 บาท",ส่วนกลางคณะ,แผนงานการบริหารการศึกษา,งานบริหารทั่วไป,รายจ่ายประจำ,งบดำเนินงาน,ค่าใช้สอย,ไม่ต้องจับกลุ่ม group,2020,thanita.s,
9,งานพัสดุ,ค่าจ้างเหมาบริการ,793634,"- ค่าจ้างเหมาบริการแม่บ้านทำความสะอาดประจำปีงบประมาณ 2564 จำนวน 550,000 บาท - ค่าบำรุงรักษาครุภัณฑ์ เฉพาะค่าเครื่อปรับอากาศประจำปีจำนวน 100,000 บาท - ค่าดูแลรักษาลิฟต์แบบรวมอะไหล่ (โคเน่) เดือนละ 7,195.75 จำนวน 12 เดือน รวม 86,349 บาท - ค่าดูแลรักษาลิฟต์แบบไม่รวมอะไหล่ (ไพโอเนีย) เดือนละ 2,273.75 บาท จำนวน 12 เดือน รวม 27,285 บาท - ค่าดูแลสวนหย่อมคณะเศรษฐศาสตร์ประจำเดือน เดือนละ 2,500 บาท จำนวน 12 เดือน รวม 30,000 บาท",ส่วนกลางคณะ,แผนงานการบริหารการศึกษา,งานบริหารทั่วไป,รายจ่ายประจำ,งบดำเนินงาน,ค่าใช้สอย,ไม่ต้องจับกลุ่ม group,2020,thanita.s,
10,งานพัสดุ,ค่าซ่อมแซมครุภัณฑ์,70000,เพื่อเป็นค่าใช้จ่ายในการซ่อมแซมครุภัณฑ์ที่ติดกับตัวอาคาร ครุภัณทั่วไป แต่ไม่รวมค่าซ่อมครุภัณฑ์คอมพิวเตอร์และงานโสตฯ,ส่วนกลางคณะ,แผนงานการบริหารการศึกษา,งานบริหารทั่วไป,รายจ่ายประจำ,งบดำเนินงาน,ค่าใช้สอย,ไม่ต้องจับกลุ่ม group,2020,thanita.s,
11,งานพัสดุ,ค่าบริการเคเบิลทีวี,2400,ค่าใช้จ่ายรายเดือน เคเบิลรายเดือนๆละ 200 บาท จำนวน 12 เดือน,ส่วนกลางคณะ,แผนงานการบริหารการศึกษา,งานบริหารทั่วไป,รายจ่ายประจำ,งบดำเนินงาน,ค่าใช้สอย,ไม่ต้องจับกลุ่ม group,2020,thanita.s,
12,งานอาคารสถานที่และยานพาหนะ,ค่าใช้จ่ายรถราชการคณะเศรษฐศาสตร์,35000,ค่าเบี้ยประกันภัยชั้น 1 รถตู้และค่าใช้จ่ายในการเช็คระยะและถ่ายน้ำมันเครื่องประจำรอบ,ส่วนกลางคณะ,แผนงานการบริหารการศึกษา,งานบริหารทั่วไป,รายจ่ายประจำ,งบดำเนินงาน,ค่าใช้สอย,ไม่ต้องจับกลุ่ม group,2020,thanita.s,
13,งานพัสดุ,ค่าวัสดุ,100000,ค่าวัสดุกรณีวัสดุสำนักงาน ค่าน้ำมันเชื้อเพลิง วัสดุงานบ้านงานครัว เวชภัณฑ์ยา และวัสดุอื่นๆ,ส่วนกลางคณะ,แผนงานการบริหารการศึกษา,งานบริหารทั่วไป,รายจ่ายประจำ,งบดำเนินงาน,ค่าวัสดุ,ไม่ต้องจับกลุ่ม group,2020,thanita.s,
14,งานพัสดุ,ผ้าม่าน และม่านปรับแสง,20000,สำหรับห้องพักอาจารย์-เจ้าหน้าที่ ชั้น 5-7,ส่วนกลางคณะ,แผนงานการบริหารการศึกษา,งานบริหารทั่วไป,รายจ่ายลงทุน,งบลงทุน,ค่าครุภัณฑ์,ไม่ต้องจับกลุ่ม group,2020,thanita.s,
15,งานอาคารสถานที่และยานพาหนะ,ค่าซ่อมบำรุงอาคารคณะเศรษฐศาสตร์,200000,"เป็นค่าตรวจเช็ค ค่าซ่อมรวมทั้งค่าแรง สำหรับกรณีฉุกเฉินเร่งด่วน จำนวน 200,000 บาท เนื่องจากคณะฯมีแผนเชิงรุกที่จะซ่อมบำรุงอาคารโดยการให้ผู้มีความเชี่ยวชาญมาสำรวจ",ส่วนกลางคณะ,แผนงานการบริหารการศึกษา,งานบริหารทั่วไป,รายจ่ายประจำ,งบดำเนินงาน,ค่าใช้สอย,ไม่ต้องจับกลุ่ม group,2020,thanita.s,
16,งานพัสดุ,ค่าครุภัณฑ์โต๊ะทำงานพร้อมเก้าอี้ของบุคลากรสายสนับสนุนและอาจารย์ใหม่,50000,สำหรับอาจารย์ลาศึกษาต่อ อาจารย์ใหม่ และสำหรับการซื้อทดแทนครุภัณฑ์ที่ชำรุดเดิม,ส่วนกลางคณะ,แผนงานการบริหารการศึกษา,งานบริหารทั่วไป,รายจ่ายลงทุน,งบลงทุน,ค่าครุภัณฑ์,ไม่ต้องจับกลุ่ม group,2020,thanita.s,
17,งานอาคารสถานที่และยานพาหนะ,ค่าครุภัณฑ์ประตูกระจกห้องเรียน,50000,ทดแทนของเดิมที่ชำรุด,ส่วนกลางคณะ,แผนงานการบริหารการศึกษา,งานบริหารทั่วไป,รายจ่ายลงทุน,งบลงทุน,ค่าครุภัณฑ์,ไม่ต้องจับกลุ่ม group,2020,thanita.s,
18,งานอาคารสถานที่และยานพาหนะ,พัดลม,30000,สำรองสำหรับใช้ใต้อาคารคณะเศรษฐศาสตร์เวลาจัดกิจกรรม จำนวน 4 ตัว,ส่วนกลางคณะ,แผนงานการบริหารการศึกษา,งานบริหารทั่วไป,รายจ่ายลงทุน,งบลงทุน,ค่าครุภัณฑ์,ไม่ต้องจับกลุ่ม group,2020,thanita.s,
19,งานอาคารสถานที่และยานพาหนะ,ค่าใช้จ่ายสำหรับการทำป้ายต่างๆในอาคาร,10000,สำหรับการทำป้ายต่างๆและป้ายทดแทนป้ายเดิมที่ชำรุด,ส่วนกลางคณะ,แผนงานการบริหารการศึกษา,งานบริหารทั่วไป,รายจ่ายประจำ,งบดำเนินงาน,ค่าวัสดุ,ไม่ต้องจับกลุ่ม group,2020,thanita.s,
21,งานพัสดุ,ค่าครุภณฑ์อื่นๆ,50000,สำหรับซื้อครุภัณฑ์ที่นอกเหนือหรือเร่งด่วนไม่ได้ตั้งไว้ในแผน,ส่วนกลางคณะ,แผนงานการบริหารการศึกษา,งานบริหารทั่วไป,รายจ่ายลงทุน,งบลงทุน,ค่าครุภัณฑ์,ไม่ต้องจับกลุ่ม group,2020,thanita.s,
22,งานการเงินและบัญชี,ค่าธรรมเนียมธนาคาร,3000,เพื่อเป็นค่าธรรมเนียมธนาคารของงานการเงินและบัญชี,ส่วนกลางคณะ,แผนงานการบริหารการศึกษา,งานบริหารทั่วไป,รายจ่ายประจำ,งบดำเนินงาน,ค่าสาธารนูปโภค,ไม่ต้องจับกลุ่ม group,2020,prapaporn.bu,
24,งานการเจ้าหน้าที่,บุคลากรที่มีตำแหน่งเหมือนราชการหรือพนักงานมหาวิทยาลัย,1640000,"เพื่อเป็นค่าจ้างสำหรับพนักงานเงินรายได้ 8 อัตรา 1.อัตราเดิม-นักการภารโรงและพนักงานธุรการ 15,181.- บาท x 12 เดือน x 1 อัตรา = 182,172 บาท 2.อัตราเดิม-พนักงานขับรถยนต์และซ่อมบำรุง 16,994.- บาท x 12 เดือน x 1 อัตรา = 203,928 บาท 3.อัตราเดิม-เจ้าหน้าที่รักษาความปลอดภัย(2 คน) 25,990.-บาท x 12 เดือน = 311,880 บาท 4.อัตราเดิม-นักวิชาการเงินและบัญชี 18,153.-บาท x 12 เดือน x 1 อัตรา = 217,836 บาท 5.อัตราเดิม-นักวิชาการอุดมศึกษา 19,538.-บาท x 12 เดือน x 1 อัตรา = 234,456 บาท 6.อัตราเดิม-นักวิชาการโสตทัศนศึกษา 17,313.-บาท x 12 เดือน x 1 อัตรา = 207,756 บาท 7.อัตราว่าง-นักวิชาการอุดมศึกษาวุฒิ ป.โท 22,750.-บาท x 12 เดือน x 1 อัตรา = 273,000 บาท",ส่วนกลางคณะ,แผนงานการบริหารการศึกษา,งานบริหารทั่วไป,รายจ่ายประจำ,งบบุคลากร,ค่าจ้าง,ไม่ต้องจับกลุ่ม group,2020,pattama.ru,
25,งานการเจ้าหน้าที่,ค่าครองชีพชั่วคราว,24000,"เพื่อเป็นค่าครองชีพชั่วคราวให้กับพนักงานเงินรายได้ที่มีตำแหน่งต่ำกว่าวุฒิระดับปริญญาตรี เดือนละ 2,000 .-บาท(ตามระเบียบกระทรวงการคลัง)",ส่วนกลางคณะ,แผนงานการบริหารการศึกษา,งานบริหารทั่วไป,รายจ่ายประจำ,งบบุคลากร,ค่าจ้าง,ไม่ต้องจับกลุ่ม group,2020,pattama.ru,
26,งานการเจ้าหน้าที่,ค่าเช่าที่พัก,96000,"ค่าใช้จ่ายสมทบร่วมกับมหาวิทยาลัยให้กับอาจารย์ใหม่หรืออาจารย์ที่กลับจากลาศึกษา 4 คน x 12 เดือน x 2,000.-บาท",ส่วนกลางคณะ,แผนงานการบริหารการศึกษา,งานบริหารทั่วไป,รายจ่ายประจำ,งบดำเนินงาน,ค่าตอบแทน,ไม่ต้องจับกลุ่ม group,2020,pattama.ru,
27,งานการเจ้าหน้าที่,เงินรางวัล,20000,เพื่อเป็นเงินรางวัลตอบแทนในการปฏิบัติงานให้กับพนักงานเงินรายได้ เพื่อเป็นเงินรางวัล เงินโบนัส หรือเป็นเงินรางวัลในกรณีต่างๆ,ส่วนกลางคณะ,แผนงานการบริหารการศึกษา,งานบริหารทั่วไป,รายจ่ายประจำ,งบดำเนินงาน,ค่าตอบแทน,ไม่ต้องจับกลุ่ม group,2020,pattama.ru,
28,งานการเจ้าหน้าที่,ค่าเดินทางไปราชการ,100000,เพื่อเป็นค่าเดินทางไปราชการตามที่ได้รับมอบหมายหรือตามตำแหน่งหน้าที่ของผู้บริหาร หัวหน้าสาขาวิชา คณาจารย์ที่ได้รับมอบหมายจากคณะฯ และบุคลากรสายสนับสนุน,ส่วนกลางคณะ,แผนงานการบริหารการศึกษา,งานบริหารทั่วไป,รายจ่ายประจำ,งบดำเนินงาน,ค่าใช้สอย,ไม่ต้องจับกลุ่ม group,2020,pattama.ru,
29,งานโสตทัศนูปกรณ์,ไมโครโฟนไร้สาย,21000,เพื่อใช้กับตัวรับสัญญาณที่มีอยู่ (ซึ่งไมได้จัดซื้อในปีงบประมาณ 2563 เนื่องจากจำเป็นต้องนำงบประมาณไปใช้จัดซื้ออุปกรณ์สอนออนไลน์),ส่วนกลางคณะ,แผนงานการบริหารการศึกษา,งานบริหารทั่วไป,รายจ่ายลงทุน,งบลงทุน,ค่าครุภัณฑ์,ไม่ต้องจับกลุ่ม group,2020,kittipong.pr,
30,งานอาคารสถานที่และยานพาหนะ,ค่าไฟฟ้าและน้ำประปา,1300000,สำหรับค่าไฟฟ้าและค่าน้ำประปาประจำปีงบประมาณปี 2564 เดือนตุลาคม 2563-กันยายน 2564,ส่วนกลางคณะ,แผนงานการบริหารการศึกษา,งานบริหารทั่วไป,รายจ่ายประจำ,งบดำเนินงาน,ค่าสาธารนูปโภค,ไม่ต้องจับกลุ่ม group,2020,thanita.s,
31,งานโสตทัศนูปกรณ์,ชุดไฟสำหรับถ่ายภาพ และวิดีโอ,12000,ประกอบด้วย 1.Backdrop ขนาด 230*320 ซม. 2.M Stand โครงฉากหลัง 3.โคมไฟสี่เหลี่ยม 2 ชุด 4.ขาตั้งไฟ 2 ชุด,ส่วนกลางคณะ,แผนงานการบริหารการศึกษา,งานบริหารทั่วไป,รายจ่ายลงทุน,งบลงทุน,ค่าครุภัณฑ์,ไม่ต้องจับกลุ่ม group,2020,kittipong.pr,
32,งานโสตทัศนูปกรณ์,เครื่องสลับสัญญาณภาพ switcher,11800,"เครื่องสลับสัญญาณภาพ (สามารถนำเข้าสัญญาณภาพได้ 4 ช่อง) ซึ่งสามารถควบคุมการสลับภาพไปมา จากกล้องที่มีอยู่ได้ โดยนำไป live streaming, ผลิตคอนเทนต์ ให้ได้ประสิทธิภาพมากขึ้น",ส่วนกลางคณะ,แผนงานการบริหารการศึกษา,งานบริหารทั่วไป,รายจ่ายลงทุน,งบลงทุน,ค่าครุภัณฑ์,ไม่ต้องจับกลุ่ม group,2020,kittipong.pr,
33,งานโสตทัศนูปกรณ์,USB-C TO HDMI/VGA,2180,อุปกรณ์แปลงสัญญาณ ใช้สำรองสำหรับอาจารย์,ส่วนกลางคณะ,แผนงานการบริหารการศึกษา,งานบริหารทั่วไป,รายจ่ายประจำ,งบดำเนินงาน,ค่าวัสดุ,ไม่ต้องจับกลุ่ม group,2020,kittipong.pr,
34,งานโสตทัศนูปกรณ์,MICRO HDMI TO HDMI FEMALE,380,อุปกรณ์แปลงสัญญาณ ใช้สำรองสำหรับอาจารย์,ส่วนกลางคณะ,แผนงานการบริหารการศึกษา,งานบริหารทั่วไป,รายจ่ายประจำ,งบดำเนินงาน,ค่าวัสดุ,ไม่ต้องจับกลุ่ม group,2020,kittipong.pr,
35,งานโสตทัศนูปกรณ์,MINI DISPLAY PORT TO HDMI/VGA,490,อุปกรณ์แปลงสัญญาณ ใช้สำรองสำหรับอาจารย์,ส่วนกลางคณะ,แผนงานการบริหารการศึกษา,งานบริหารทั่วไป,รายจ่ายประจำ,งบดำเนินงาน,ค่าวัสดุ,ไม่ต้องจับกลุ่ม group,2020,kittipong.pr,
36,งานโสตทัศนูปกรณ์,สาย HDMI 10 เมตร,1600,สายจอมอนิเตอร์,ส่วนกลางคณะ,แผนงานการบริหารการศึกษา,งานบริหารทั่วไป,รายจ่ายประจำ,งบดำเนินงาน,ค่าวัสดุ,ไม่ต้องจับกลุ่ม group,2020,kittipong.pr,
37,งานโสตทัศนูปกรณ์,ค่าจ้างเหมาบริการต่าง ๆ เช่น ค่าติดตั้ง ค่าซ่อม,20000,สำรองไว้สำหรับ หากเกิดอุปกรณ์ชำรุด (ซึ่งไมได้ดำเนินการในปีงบประมาณ 2563 เนื่องจากจำเป็นต้องนำงบประมาณไปใช้จัดซื้ออุปกรณ์สอนออนไลน์),ส่วนกลางคณะ,แผนงานการบริหารการศึกษา,งานบริหารทั่วไป,รายจ่ายประจำ,งบดำเนินงาน,ค่าใช้สอย,ไม่ต้องจับกลุ่ม group,2020,kittipong.pr,
38,งานโสตทัศนูปกรณ์,ค่าปรับปรุงระบบภาพ และเสียง,40000,ปรับปรุงระบบภาพ และเสียง ห้องบบรยาย (ซึ่งไมได้ดำเนินการในปีงบประมาณ 2563 เนื่องจากจำเป็นต้องนำงบประมาณไปใช้จัดซื้ออุปกรณ์สอนออนไลน์),ส่วนกลางคณะ,แผนงานการบริหารการศึกษา,งานบริหารทั่วไป,รายจ่ายประจำ,งบดำเนินงาน,ค่าใช้สอย,ไม่ต้องจับกลุ่ม group,2020,kittipong.pr,
39,งานเทคโนโลยีสารสนเทศ,ค่าเช่าเซอร์ฟเวอร์ economics.psu.ac.th,8400,สำหรับให้บริการเว็บไซต์ economics.psu.ac.th 700 บาท/เดือน,ส่วนกลางคณะ,แผนงานการบริหารการศึกษา,งานบริหารทั่วไป,รายจ่ายประจำ,งบดำเนินงาน,ค่าใช้สอย,ไม่ต้องจับกลุ่ม group,2020,chaimanat.l,
40,งานเทคโนโลยีสารสนเทศ,license SSL สำหรับเว็บเซอร์ฟเวอร์,2400,ระบบความปลอดภัยสำหรับบริการเว็บเซอร์ฟเวอร์ ระยะเวลา 2 ปี,ส่วนกลางคณะ,แผนงานการบริหารการศึกษา,งานบริหารทั่วไป,รายจ่ายประจำ,งบดำเนินงาน,ค่าใช้สอย,ไม่ต้องจับกลุ่ม group,2020,chaimanat.l,
41,งานเทคโนโลยีสารสนเทศ,เครื่องแสกนลายนิ้วมือ,40000,เครื่องแสกนลายนิ้วมือเข้าออกงาน และเข้าออกคณะฯ ทดแทนของใหม่จำนวน 2 ตัว,ส่วนกลางคณะ,แผนงานการบริหารการศึกษา,งานบริหารทั่วไป,รายจ่ายลงทุน,งบลงทุน,ค่าครุภัณฑ์,ไม่ต้องจับกลุ่ม group,2020,chaimanat.l,
42,งานเทคโนโลยีสารสนเทศ,Access Point,115000,"Access Point สำหรับทดแทนเครื่องเก่า Access Point จำนวน 5 ตัวๆละ 23,000.00",ส่วนกลางคณะ,แผนงานการบริหารการศึกษา,งานบริหารทั่วไป,รายจ่ายลงทุน,งบลงทุน,ค่าครุภัณฑ์,ไม่ต้องจับกลุ่ม group,2020,chaimanat.l,
43,งานเทคโนโลยีสารสนเทศ,เครื่องสำรองไฟ,4500,"เครื่องสำรองไฟฟ้า สำหรับสำรองไว้ใช้งาน เครื่องสำรองไฟจำนวน 3 ตัวๆละ 1,500.00",ส่วนกลางคณะ,แผนงานการบริหารการศึกษา,งานบริหารทั่วไป,รายจ่ายประจำ,งบดำเนินงาน,ค่าวัสดุ,ไม่ต้องจับกลุ่ม group,2020,chaimanat.l,
44,งานเทคโนโลยีสารสนเทศ,ฮาร์ดดิสแบบ SSD,5000,"ฮาร์ดดิสแบบ SSD สำรองไว้ใช้งาน SSD จำนวน 5 ตัวๆละ 1,000.00 รวม 5,000.00",ส่วนกลางคณะ,แผนงานการบริหารการศึกษา,งานบริหารทั่วไป,รายจ่ายประจำ,งบดำเนินงาน,ค่าวัสดุ,ไม่ต้องจับกลุ่ม group,2020,chaimanat.l,
45,งานเทคโนโลยีสารสนเทศ,Keyboard,1750,"คีย์บอร์ สำหรับสำรองไว้ใช้งาน Keyboard จำนวน 5 ตัวๆละ 350.00 รวม 1,750.00",ส่วนกลางคณะ,แผนงานการบริหารการศึกษา,งานบริหารทั่วไป,รายจ่ายประจำ,งบดำเนินงาน,ค่าวัสดุ,ไม่ต้องจับกลุ่ม group,2020,chaimanat.l,
46,งานเทคโนโลยีสารสนเทศ,Mouse,1750,"Mouse สำรองไว้ใช้งานสำหรับห้องปฏิบัติการคอมพิวเตอร์และส่วนกลาง Mouse 5 ตัวๆละ 350.00 รวม 1,750.00 บาท",ส่วนกลางคณะ,แผนงานการบริหารการศึกษา,งานบริหารทั่วไป,รายจ่ายประจำ,งบดำเนินงาน,ค่าวัสดุ,ไม่ต้องจับกลุ่ม group,2020,chaimanat.l,
47,งานเทคโนโลยีสารสนเทศ,หูฟัง,7500,"หูฟัง จำนวน 10 ชิ้นๆละ 750.00 รวม 7,500.00 สำหรับสำรองไว้ใช้งาน",ส่วนกลางคณะ,แผนงานการบริหารการศึกษา,งานบริหารทั่วไป,รายจ่ายประจำ,งบดำเนินงาน,ค่าวัสดุ,ไม่ต้องจับกลุ่ม group,2020,chaimanat.l,
48,งานเทคโนโลยีสารสนเทศ,ค่อซ่อมอุปกรณ์คอมพิวเตอร์,35000,ค่าซ่อมอุปกรณ์คอมพิวเตอร์และอุปกรณ์ต่อพ่วง,ส่วนกลางคณะ,แผนงานการบริหารการศึกษา,งานบริหารทั่วไป,รายจ่ายประจำ,งบดำเนินงาน,ค่าใช้สอย,ไม่ต้องจับกลุ่ม group,2020,chaimanat.l,
49,งานเทคโนโลยีสารสนเทศ,ค่าซ่อมอุปกรณ์เครือข่าย,10000,ค่าซ่อมอุปกรณ์เครือข่าย,ส่วนกลางคณะ,แผนงานการบริหารการศึกษา,งานบริหารทั่วไป,รายจ่ายประจำ,งบดำเนินงาน,ค่าใช้สอย,ไม่ต้องจับกลุ่ม group,2020,chaimanat.l,
50,งานเทคโนโลยีสารสนเทศ,ค่าซ่อมกล้องวงจรปิด,10000,ค่าซ่อมกล้องวงจรปิด สำรองเนื่องจากอุปกรณ์ไม่มีประสิทธิภาพและใช้งานเป็นเวลานาน,ส่วนกลางคณะ,แผนงานการบริหารการศึกษา,งานบริหารทั่วไป,รายจ่ายประจำ,งบดำเนินงาน,ค่าใช้สอย,ไม่ต้องจับกลุ่ม group,2020,chaimanat.l,
51,งานพัฒนานักศึกษา,สนับสนุนกิจกรรมนักศึกษา,650000,"- เพื่อเป็นค่าใช้จ่ายในการทำกิจกรรม ดังนี้ (1) สนับสนุนสโมสรนักศึกษา ชุมนุม และกลุ่มกิจกรรมอิสระ จำนวน 225,000 บาท (รายละเอียดตามปฏิทินกิจกรรม ประจำปีงบประมาณ 2564) (2) สนับสนุนกิจกรรมเสริมหลักสูตรแบบขั้นบันไดตามนโยบายมหาวิทยาลัย จำนวน 425,000 บาท (รายละเอียดตามปฏิทินกิจกรรม ประจำปีงบประมาณ 2564)",ส่วนกลางคณะ,แผนงานสนับสนุนการศึกษา,งานกิจการนักศึกษา,รายจ่ายประจำ,งบเงินอุดหนุน,ไม่มี,ไม่ต้องจับกลุ่ม group,2020,kaniknun.k,ID50_kaniknun.k_34989d21.xlsx
52,งานพัฒนานักศึกษา,สนับสนุนกิจกรรมเสริมความเข้มแข็งด้านการศึกษาและวิชาการ,100000,- เพื่อเป็นค่าใช้จ่ายในการจัดกิจกรรมเสริมสร้างทักษะทางวิชาการ หรือกิจกรรมเสริมสร้างสมรรถนะสากล หรือกิจกรรมเสริมความเข้มแข็ง ด้านการเรียนการสอนให้กับนักศึกษา เช่น ค่าใช้จ่ายในการดูแลระบบติว เพื่อเป็นตัวแทนคณะเข้าร่วมแข่งขันโครงการต่างๆ ในฐานะตัวแทน เป็นต้น - เพื่อสนับสนุนค่าใช้จ่ายในการเดินทางนักศึกษา และอาจารย์ ซึ่งเดินทาง ไปปฏิบัติงานในการเข้าร่วมกิจกรรมแข่งขันทางวิชาการ หรือโครงการอื่นๆ เช่น สศค. เพชรยอดมงกุฏ โครงการกล้าใหม่ การนำเสนอบทความ ทางวิชาการ การแข่งขันตอบปัญหาเศรษฐศาสตร์ เป็นต้น,ส่วนกลางคณะ,แผนงานสนับสนุนการศึกษา,งานกิจการนักศึกษา,รายจ่ายประจำ,งบเงินอุดหนุน,ไม่มี,ไม่ต้องจับกลุ่ม group,2020,kaniknun.k,
53,งานพัฒนานักศึกษา,อุดหนุนทุนการศึกษา,250000,- เพื่อเป็นทุนการศึกษาให้กับนักศึกษาคณะเศรษฐศาสตร์ ตามประเภททุนต่างๆ ได้แก่ 1.ทุนขาดแคลนทุนทรัพย์ 2.ทุนเรียนดี 3.ทุนนักกิจกรรม 4.ทุนอื่นๆ,ส่วนกลางคณะ,แผนงานสนับสนุนการศึกษา,งานกิจการนักศึกษา,รายจ่ายประจำ,งบเงินอุดหนุน,ไม่มี,ไม่ต้องจับกลุ่ม group,2020,kaniknun.k,
54,งานพัฒนานักศึกษา,ทุนทำงานแลกเปลี่ยน,24000,"เพื่อเป็นทุนสนับสนุนให้นักศึกษาทำงานแลกเปลี่ยนให้กับหน่วยงานในส่วนของคณะเศรษฐศาสตร์ ประจำปีการศึกษา 2563 ทุนละ 4,000 บาท จำนวน 25 ทุน",ส่วนกลางคณะ,แผนงานสนับสนุนการศึกษา,งานกิจการนักศึกษา,รายจ่ายประจำ,งบเงินอุดหนุน,ไม่มี,ไม่ต้องจับกลุ่ม group,2020,kaniknun.k,
55,งานพัฒนานักศึกษา,เงินรางวัล,10000,- เพื่อเป็นเงินรางวัลสำหรับนักศึกษาที่มีผลงานดีเด่นในระดับภูมิภาค ระดับชาติ หรือระดับนานาชาติ,ส่วนกลางคณะ,แผนงานสนับสนุนการศึกษา,งานกิจการนักศึกษา,รายจ่ายประจำ,งบเงินอุดหนุน,ไม่มี,ไม่ต้องจับกลุ่ม group,2020,kaniknun.k,
56,งานพัฒนานักศึกษา,กิจกรรมติดตามและพบปะนักศึกษา,24000,"- เพื่อเป็นค่าใช้จ่ายสำหรับกิจกรรมพบปะ, ติดตามนักศึกษาทุกชั้นปี เพื่อให้คำปรึกษาและช่วยเหลือนักศึกษาในทุกภาคการศึกษา แบ่งเป็น - สาขาวิชาเศรษฐศาสตร์ 12,000 บาท - สาขาวิชาเศรษฐศาสตร์เกษตร 12,000 บาท",ส่วนกลางคณะ,แผนงานสนับสนุนการศึกษา,งานกิจการนักศึกษา,รายจ่ายประจำ,งบเงินอุดหนุน,ไม่มี,ไม่ต้องจับกลุ่ม group,2020,kaniknun.k,
57,งานพัฒนานักศึกษา,สวัสดิการนักศึกษา,20000,- เพื่อเป็นค่าใช้จ่ายสำหรับสวัสดิการนักศึกษาในกรณีเสียชีวิต/ กรณีอุบัติเหตุและโรคร้ายแรงและต้องเข้ารับการรักษาใน รพ.,ส่วนกลางคณะ,แผนงานสนับสนุนการศึกษา,งานกิจการนักศึกษา,รายจ่ายประจำ,งบเงินอุดหนุน,ไม่มี,ไม่ต้องจับกลุ่ม group,2020,kaniknun.k,
58,งานพัฒนานักศึกษา,ค่าใช้จ่ายพิธีรับพระราชทานปริญญาบัตร,100000,เพื่อเป็นค่าใช้จ่ายในการจัดกิจกรรมที่เกี่ยวข้องกับพิธีรับพระราชทานปริญญาบัตรของคณะเศรษฐศาสตร์,ส่วนกลางคณะ,แผนงานการบริหารการศึกษา,งานบริหารทั่วไป,รายจ่ายประจำ,งบรายจ่ายอื่น,ไม่มี,ไม่ต้องจับกลุ่ม group,2020,kaniknun.k,
59,งานพัฒนานักศึกษา,ค่าอาหารว่างสำหรับจัดประชุมกรรมการที่เกี่ยวข้องกับงานพัฒนานักศึกษา,5000,ค่าอาหารว่างสำหรับจัดประชุมกรรมการที่เกี่ยวข้องกับงานพัฒนานักศึกษา,ส่วนกลางคณะ,แผนงานการบริหารการศึกษา,งานบริหารทั่วไป,รายจ่ายประจำ,งบดำเนินงาน,ค่าใช้สอย,ไม่ต้องจับกลุ่ม group,2020,kaniknun.k,
60,งานพัฒนานักศึกษา,ค่าใช้จ่ายในการทำบุบำรุงศิลปะวัฒนธรรมไทยของนักศึกษา,20000,เพื่อเป็นค่าใช้จ่ายในการทำนุบำรุงศิลปะวัฒนธรรมไทยประจำปีสำหรับนักศึกษา เช่น ประเพณีลอยกระทง ประเพณีสงกรานต์ และอื่นๆ,ส่วนกลางคณะ,แผนงานทำนุบำรุงศิลปวัฒนธรรมไทย,งานทำนุบำรุงศิลปวัฒนธรรมไทย,รายจ่ายประจำ,งบรายจ่ายอื่น,ไม่มี,ไม่ต้องจับกลุ่ม group,2020,kaniknun.k,
61,งานเลขานุการคณบดี,"ค่าอาหาร,อาหารว่างและเครื่องดื่ม",10000,เพื่อเป็นค่าอาหาร อาหารว่างและเครื่องดื่มสำหรับการประชุมทีมดำเนินงานต่างๆ การเลี้ยงรับรองแขกหรือบุคคลสำคัญ การจัดประชุมคณะกรรมการชุดต่างๆ การเป็นเจ้าภาพเลี้ยงอาหารเย็นที่ประชุมคณบดีและอื่นๆ,ส่วนกลางคณะ,แผนงานการบริหารการศึกษา,งานบริหารทั่วไป,รายจ่ายประจำ,งบดำเนินงาน,ค่าใช้สอย,ไม่ต้องจับกลุ่ม group,2020,pattama.ru,
62,งานการเจ้าหน้าที่,เงินสมทบค่าประกันสังคม,72000,สำหรับสมทบกองทุนประกันสังคมพนักงานเงินรายได้สายสนับสนุน(750.-บาทx12เดือนx8คน),ส่วนกลางคณะ,แผนงานการบริหารการศึกษา,งานบริหารทั่วไป,รายจ่ายประจำ,งบดำเนินงาน,ค่าใช้สอย,ไม่ต้องจับกลุ่ม group,2020,pattama.ru,
63,งานการเจ้าหน้าที่,เงินสมทบกองทุนสำรองเลี้ยงชีพ,90000,เพื่อเป็นค่าสมทบกองทุนสำรองเลี้ยงชีพของพนักงานเงินรายได้สายสนับสนุน 8 คน อัตรา 5% ของค่าจ้างทั้งหมด,ส่วนกลางคณะ,แผนงานการบริหารการศึกษา,งานบริหารทั่วไป,รายจ่ายประจำ,งบดำเนินงาน,ค่าใช้สอย,ไม่ต้องจับกลุ่ม group,2020,pattama.ru,
64,งานการเจ้าหน้าที่,กองทุนเงินทดเเทน(สายสนับสนุน),4000,เพื่อเป็นค่าสมทบกองทุนทดแทนสำหรับพนักงานเงินรายได้สายสนับสนุน,ส่วนกลางคณะ,แผนงานการบริหารการศึกษา,งานบริหารทั่วไป,รายจ่ายประจำ,งบดำเนินงาน,ค่าใช้สอย,ไม่ต้องจับกลุ่ม group,2020,pattama.ru,
65,งานการเจ้าหน้าที่,ค่าใช้จ่ายในกิจกรรมปีใหม่,35000,เพื่อเป็นค่าใช้จ่ายในการจัดงานปีใหม่,ส่วนกลางคณะ,แผนงานการบริหารการศึกษา,งานบริหารทั่วไป,รายจ่ายประจำ,งบรายจ่ายอื่น,ไม่มี,ไม่ต้องจับกลุ่ม group,2020,pattama.ru,
66,งานการเจ้าหน้าที่,ค่าใช้จ่ายในการจัดกิจกรรมพิเศษ,100000,"เพื่อเป็นค่าใช้จ่ายกิจกรรมที กจ.เป็นผู้ประสานงาน เช่น กีฬาสีสามศาสตร์(คณะเป็นเจ้าภาพ),กิจกรรมกีฬาสีวิทยาเขตหาดใหญ่หรือกิจกรรมอื่น ๆ",ส่วนกลางคณะ,แผนงานการบริหารการศึกษา,งานบริหารทั่วไป,รายจ่ายประจำ,งบรายจ่ายอื่น,ไม่มี,ไม่ต้องจับกลุ่ม group,2020,pattama.ru,
67,งานการเจ้าหน้าที่,ค่ารักษาพยาบาล,47000,เพื่อเป็นค่ารักษาพยาบาลส่วนที่เบิกไม่ได้จากประกันสังคมให้กับพนักงานมหาวิทยาลัยและพนักงานเงินรายได้ และของข้าราชการและพนักงานมหาวิทยาลัยเปลี่ยนสถานภาพที่เกินสิทธิ์จำนวน 47 คน x 1000.- บาท,ส่วนกลางคณะ,แผนงานการบริหารการศึกษา,งานบริหารทั่วไป,รายจ่ายประจำ,งบรายจ่ายอื่น,ไม่มี,ไม่ต้องจับกลุ่ม group,2020,pattama.ru,
68,งานการเจ้าหน้าที่,ค่าประกันอุบัติเหตุกลุ่ม,9400,เพื่อเป็นค่าประกันอุบัติเหตุให้อาจารย์และบุคลากรภายในคณะฯ 47 คน x 200.- บาท,ส่วนกลางคณะ,แผนงานการบริหารการศึกษา,งานบริหารทั่วไป,รายจ่ายประจำ,งบรายจ่ายอื่น,ไม่มี,ไม่ต้องจับกลุ่ม group,2020,pattama.ru,
69,งานการเจ้าหน้าที่,ค่าประกันไวรัสโคโรน่า(COVID-19),28200,เพื่อเป็นค่าประกันไวรัสโคโรน่า(COVID-19) ให้บุคลากรในสังกัดคณะฯ 600.-บาท x 47 คน,ส่วนกลางคณะ,แผนงานการบริหารการศึกษา,งานบริหารทั่วไป,รายจ่ายประจำ,งบรายจ่ายอื่น,ไม่มี,ไม่ต้องจับกลุ่ม group,2020,pattama.ru,
70,งานการเจ้าหน้าที่,เงินบริจาคการกุศล,10000,ค่าร่วมทำบุญงานศพของบิดา/มารดา/ญาติสายตรงของบุคลากร,ส่วนกลางคณะ,แผนงานการบริหารการศึกษา,งานบริหารทั่วไป,รายจ่ายประจำ,งบเงินอุดหนุน,ไม่มี,ไม่ต้องจับกลุ่ม group,2020,pattama.ru,
71,งานการเจ้าหน้าที่,ค่าวัสดุ,10000,"ค่าดอกไม้,กระเช้าเยี่ยมไข้/คลอดบุตร",ส่วนกลางคณะ,แผนงานการบริหารการศึกษา,งานบริหารทั่วไป,รายจ่ายประจำ,งบดำเนินงาน,ค่าวัสดุ,ไม่ต้องจับกลุ่ม group,2020,pattama.ru,
72,งานการเจ้าหน้าที่,ค่าสมนาคุณผู้ประเมินผลงานการเข้าสู่ตำแหน่งที่สูงขึ้นบุคลากรสายสนับสนุน,30000,เพื่อเป็นค่าตอบแทนให้แก่ผู้ประเมินผลงานการเข้าสู่ตำแหน่งที่สูงขึ้นบุคลากรสายสนับสนุน,ส่วนกลางคณะ,แผนงานการบริหารการศึกษา,งานพัฒนาบุคลากรฝ่ายบริหารและสายสนับสนุน,รายจ่ายประจำ,งบดำเนินงาน,ค่าตอบแทน,ไม่ต้องจับกลุ่ม group,2020,pattama.ru,
73,งานประชาสัมพันธ์,ค่าจ้างเหมาบริการ,15000,"1) ค่าย้ายจุด Digital Signage 5,000 บาท 2) ค่าจ้างเหมาทำบอร์ดประชาสัมพันธ์ 10,000 บาท",ส่วนกลางคณะ,แผนงานการบริหารการศึกษา,งานบริหารทั่วไป,รายจ่ายประจำ,งบดำเนินงาน,ค่าใช้สอย,ไม่ต้องจับกลุ่ม group,2020,thitiya.t,
74,งานวิเทศสัมพันธ์,ค่ารับรองและพิธีการ,10000,เพื่อเป็นค่าอาหารกลางวัน อาหารว่างและเครื่องดื่ม สำหรับการประชุมต่าง ๆ รวมถึงการเลี้ยงต้อนรับ และเลี้ยงส่งแขกและผู้เชี่ยวชาญต่างประเทศที่มาเยี่ยมชมคณะ หรือช่วยงานคณะและสาขาวิชา ทั้งในประเทศและต่างประเทศ,ส่วนกลางคณะ,แผนงานการบริหารการศึกษา,งานบริหารทั่วไป,รายจ่ายประจำ,งบดำเนินงาน,ค่าใช้สอย,ไม่ต้องจับกลุ่ม group,2020,thitiya.t,
75,งานประชาสัมพันธ์,ค่าวัสดุ,30000,"1) ค่าจัดทำของที่ระลึก, ค่า ส.ค.ส./บัตรอวยพรเนื่องในโอกาสต่าง ๆ 2) ค่าดอกไม้ ค่าพวงหรีด พวงมาลา และอื่น ๆ",ส่วนกลางคณะ,แผนงานการบริหารการศึกษา,งานบริหารทั่วไป,รายจ่ายประจำ,งบดำเนินงาน,ค่าวัสดุ,ไม่ต้องจับกลุ่ม group,2020,thitiya.t,
76,งานประชาสัมพันธ์,ค่าไปรษณีย์,3000,ค่าส่ง ส.ค.ส จุลสาร และเอกสารประชาสัมพันธ์อื่น ๆ,ส่วนกลางคณะ,แผนงานการบริหารการศึกษา,งานบริหารทั่วไป,รายจ่ายประจำ,งบดำเนินงาน,ค่าสาธารนูปโภค,ไม่ต้องจับกลุ่ม group,2020,thitiya.t,
77,งานการเจ้าหน้าที่,ค่าใช้จ่ายเดินทางไปประชุม สัมมนาและฝึกอบรม,289000,"เพื่อสมทบเป็นค่าเดินทาง ค่าลงทะเบียน ค่าที่พักเหมาจ่าย ในการประชุม/สัมมนา/ฝึกอบรม/ดูงาน เช่น โครงการพัฒนาทักษะที่เกี่ยวข้องกับงานหรือเพิ่มประสิทธิภาพในการปฏิบัติงาน -บุคลากรสายสนับสนุน(พนักงานมหาวิทยาลัย) 10 คน x 17,000.-บาท -บุคลากรสายสนับสนุน(พนักงานเงินรายได้) 7 คน x 17,000.- บาท",ส่วนกลางคณะ,แผนงานการบริหารการศึกษา,งานพัฒนาบุคลากรฝ่ายบริหารและสายสนับสนุน,รายจ่ายประจำ,งบดำเนินงาน,ค่าใช้สอย,ไม่ต้องจับกลุ่ม group,2020,pattama.ru,
78,งานประชาสัมพันธ์,เงินบริจาคการกุศล,25000,เพื่อเป็นเงินค่าบริจาคการกุศล และให้ความสนับสนุนกิจกรรมต่างจากที่หน่วยงานภายนอกขอความอนุเคราะห์,ส่วนกลางคณะ,แผนงานการบริหารการศึกษา,งานบริหารทั่วไป,รายจ่ายประจำ,งบเงินอุดหนุน,ไม่มี,ไม่ต้องจับกลุ่ม group,2020,thitiya.t,
79,งานการเจ้าหน้าที่,ค่าใช้จ่ายเดินทางไปประชุม สัมมนาและฝึกอบรมที่เกี่ยวข้องกับงานบริหาร,120000,"เพื่อสมทบเป็นค่าเดินทาง ค่าลงทะเบียน ค่าที่พักเหมาจ่าย ในการประชุม/สัมมนา/ฝึกอบรม/ดูงาน -ผู้บริหารคณะฯ และหัวหน้าสาขาวิชา 6 คน x 20,000.-บาท",ส่วนกลางคณะ,แผนงานการบริหารการศึกษา,งานพัฒนาบุคลากรฝ่ายบริหารและสายสนับสนุน,รายจ่ายประจำ,งบดำเนินงาน,ค่าใช้สอย,ไม่ต้องจับกลุ่ม group,2020,pattama.ru,
80,งานการเจ้าหน้าที่,ค่าจ้างพนักงานเงินรายได้ตำแหน่งอาจารย์วุฒิปริญญาโท,732000,"1.อัตราเดิม - ตำแหน่งอาจารย์(อ.นิตยา ) เดือนละ 29,500.- บาท x 12 เดือน x 1คน 2. อัตราใหม่ - ตำแหน่งอาจารย์ (วุฒิปริญญาโท/ปริญญาเอก)เป็นอัตราส่วนกลางกรณีคณะฯ สำรองกรณีจำเป็นเร่งด่วนหรือระหว่างรออัตราจากทางมหาวิทยาลัย และการจ้างที่ไม่เป็นพนักงานเงินรายได้ในลักษณะ Adjunct Professor) เดือนละ 31,500.-บาท x 12 เดือน x 1 อัตรา",ส่วนกลางคณะ,แผนงานจัดการศึกษา,งานจัดการศึกษาคณะเศรษฐศาสตร์,รายจ่ายประจำ,งบบุคลากร,ค่าจ้าง,ไม่ต้องจับกลุ่ม group,2020,pattama.ru,
81,งานการเจ้าหน้าที่,เงินสมทบประกันสังคม,27000,เพื่อเป็นค่าสมทบประกันสังคมของตำแหน่งอาจารย์ที่จ้างด้วยเงินรายได้คณะฯ 750.-บาท x 12 คน x 3 คน,ส่วนกลางคณะ,แผนงานจัดการศึกษา,งานจัดการศึกษาคณะเศรษฐศาสตร์,รายจ่ายประจำ,งบดำเนินงาน,ค่าใช้สอย,ไม่ต้องจับกลุ่ม group,2020,pattama.ru,
82,งานการเจ้าหน้าที่,เงินสมทบกองทุนสำรองเลี้ยงชีพ,55000,เพื่อเป็นค่าสมทบกองทุนสำรองเลี้ยงชีพของอาจารย์ที่จ้างด้วยเงินรายได้คณะฯ จำนวน 3 คน ในอัตรา 5% ของค่าจ้างทั้งหมด,ส่วนกลางคณะ,แผนงานจัดการศึกษา,งานจัดการศึกษาคณะเศรษฐศาสตร์,รายจ่ายประจำ,งบดำเนินงาน,ค่าใช้สอย,ไม่ต้องจับกลุ่ม group,2020,pattama.ru,
83,งานการเจ้าหน้าที่,เงินสมทบกองทุนพนักงานมหาวิทยาลัย,22300,เพื่อเป็นค่าสมทบกองทุนพนักงานมหาวิทยาลัยให้กับอัตราพนักงานมหาวิทยาลัยเงินรายได้ตำแหน่งอาจารย์(กรณีมีคนครอง) 1 คน ในอัตรา 7% ของค่าจ้างทั้งหมด,ส่วนกลางคณะ,แผนงานจัดการศึกษา,งานจัดการศึกษาคณะเศรษฐศาสตร์,รายจ่ายประจำ,งบดำเนินงาน,ค่าใช้สอย,ไม่ต้องจับกลุ่ม group,2020,pattama.ru,
85,งานประชาสัมพันธ์,ค่าใช้จ่ายประชาสัมพันธ์คณะเศรษฐศาสตร์,100000,เพื่อเป็นค่าใช้จ่ายในงานประชาสัมพันธ์คณะ ดังนี้ 1) ผลิตสื่อต่าง ๆ เช่น VTR แผ่นพับ ไวนิล Backdrop ฯลฯ 2) ค่าโฆษณาผ่านสื่อต่าง ๆ 3) เป็นค่าใช้จ่ายในการเตรียมการ และออกพื้นที่แนะนำหลักสูตร (การออก Roadshow ต่าง ๆ) ทั้งในระดับมหาวิทยาลัย ระดับคณะ และระดับสาขาวิชา 4) ค่าใช้จ่ายอื่น ๆ ที่เกี่ยวข้องกับการประชาสัมพันธ์คณะ,ส่วนกลางคณะ,แผนงานการบริหารการศึกษา,งานบริหารทั่วไป,รายจ่ายประจำ,งบรายจ่ายอื่น,ไม่มี,ไม่ต้องจับกลุ่ม group,2020,thitiya.t,
87,งานการเจ้าหน้าที่,กองทุนเงินทดแทน(สายวิชาการ),1000,เป็นเงินกองทุนทดแทนสำหรับพนักงานเงินรายได้/พนักงานมหาวิทยาลัยเงินรายได้ตำแหน่งอาจารย์ 1 คน,ส่วนกลางคณะ,แผนงานจัดการศึกษา,งานจัดการศึกษาคณะเศรษฐศาสตร์,รายจ่ายประจำ,งบดำเนินงาน,ค่าใช้สอย,ไม่ต้องจับกลุ่ม group,2020,pattama.ru,
88,งานวิเทศสัมพันธ์,ค่าใช้จ่ายงานวิเทศสัมพันธ์ และงานองค์กรสัมพันธ์,100000,เพื่อเป็นค่าใช้จ่ายในงานวิเทศสัมพันธ์คณะ ดังนี้ 1) ค่าใช้จ่ายในการทำความร่วมมือภายใต้เครือข่าย AUN-AEC 2) ค่าใช้จ่ายในการเตรียมทำความร่วมมือกับสถาบันการศึกษา/หน่วยงานต่างประเทศที่ยังไม่มี MOU/MOA ร่วมกัน 3) ค่าใช้จ่ายในการจัดกิจกรรมร่วมกับสถาบันการศึกษา/หน่วยงานต่างประเทศที่มี MOU/MOA ร่วมกัน 4) ค่าใช้จ่ายในการจัดกิจกรรมเพื่อส่งเสริมความเป็นสากลในคณะ (Internationalization at Home) เช่น การจัด Exchange Program Summer School หรือกิจกรรมที่ส่งเสริมการใช้ภาษาต่างประเทศ เป็นต้น 5) ค่าใช้จ่ายในการสนับสนุนการเตรียมความพร้อมของนักศึกษาที่ได้รับคัดเลือกให้เข้าร่วมโครงการ/กิจกรรมส่งเสริมการศึกษาต่าง ๆ ที่จัดในต่างประเทศ,ส่วนกลางคณะ,แผนงานการบริหารการศึกษา,งานบริหารทั่วไป,รายจ่ายประจำ,งบรายจ่ายอื่น,ไม่มี,ไม่ต้องจับกลุ่ม group,2020,thitiya.t,
89,งานประชาสัมพันธ์,ค่าใช้จ่ายการจัดกิจกรรมพิเศษ,15000,เพื่อเป็นค่าใช้จ่ายดำเนินการ ค่าอาหาร ค่าซุ้ม ค่าอื่น ๆ ในงานพิเศษของมหาวิทยาลัย เช่น งานถวายพระกายาหาร งานมุทิตาจิตบุคคลสำคัญ หรืองานอื่น ๆ ที่คณะต้องไปเข้าร่วม,ส่วนกลางคณะ,แผนงานการบริหารการศึกษา,งานบริหารทั่วไป,รายจ่ายประจำ,งบรายจ่ายอื่น,ไม่มี,ไม่ต้องจับกลุ่ม group,2020,thitiya.t,
90,งานการเจ้าหน้าที่,ค่าสมนาคุณผู้ประเมินผลงานทางวิชาการ,40000,เพื่อเป็นค่าตอบแทนให้แก่ผู้ประเมินผลงานทางวิชาการ,ส่วนกลางคณะ,แผนงานสนับสนุนการศึกษา,งานพัฒนาหลักสูตรและการเรียนการสอน,รายจ่ายประจำ,งบดำเนินงาน,ค่าตอบแทน,ไม่ต้องจับกลุ่ม group,2020,pattama.ru,
91,งานวิเทศสัมพันธ์,ค่าใช้จ่ายเกี่ยบกับหนังสือเดินทาง ค่าวีซ่า Work Permit ของบุคลากรชาวต่างประเทศ,10000,เพื่อเป็นค่าดำเนินการด้านเอกสารให้กับบุคลากรชาวต่างประเทศ ดังนี้ 1) ขอใหม่/ต่อการตรวจลงตรา (Visa) 2) การดำเนินการขอใหม่/ต่อใบอนุญาตทำงาน (Work Permit),ส่วนกลางคณะ,แผนงานจัดการศึกษา,งานจัดการศึกษาคณะเศรษฐศาสตร์,รายจ่ายประจำ,งบดำเนินงาน,ค่าใช้สอย,ไม่ต้องจับกลุ่ม group,2020,thitiya.t,
92,งานวิเทศสัมพันธ์,ค่าเดินทางมาดำรงตำแหน่งของบุคลากรชาวต่างประเทศ,100000,เพื่อเป็นค่าเดินทางไป-กลับ ให้กับชาวต่างชาติที่จะมาช่วยงานให้กับสาขาวิชาและคณะ (1 ครั้งตลอดอายุงาน),ส่วนกลางคณะ,แผนงานจัดการศึกษา,งานจัดการศึกษาคณะเศรษฐศาสตร์,รายจ่ายประจำ,งบดำเนินงาน,ค่าใช้สอย,ไม่ต้องจับกลุ่ม group,2020,thitiya.t,
94,งานบริการวิชาการ,ค่าเบี้ยเลี้ยง ค่าเช่าที่พักและค่ายานพาหนะ,50000,เพื่อเป็นค่าใช้จ่ายสนับสนุนการเดินทางไปปฏิบัติหน้าที่บริการวิชาการของคณะฯ ให้กับตัวแทนอาจารย์ หรือบุคลากรที่ได้รับการแต่งตั้ง/มอบหมายจากคณะให้ไปปฏิบัติหน้าที่บริการวิชาการในนามของคณะ เช่น การประชุมเครือข่ายนักเศรษฐศาสตร์ต่าง ๆ การออกบูธแสดงผลงานทางวิชาการและงานวิจัยในนามคณะ เป็นต้น,ส่วนกลางคณะ,แผนงานบริการวิชาการ,งานบริการวิชาการเพื่อสังคม,รายจ่ายประจำ,งบดำเนินงาน,ค่าใช้สอย,ไม่ต้องจับกลุ่ม group,2020,thitiya.t,
95,งานบริการวิชาการ,ค่าใช้จ่ายสนับสนุนกิจกรรมบริการวิชาการของคณะ,150000,เพื่อเป็นค่าใช้จ่ายสนับสนุนงานบริการวิชาการ กิจกรรม/งานของคณะ การบริการวิชาการในรูปแบบชุดความรู้ หรือกิจกรรมด้านบริการวิชาการอื่นที่คณะฯ จัดร่วมกับองค์กรอื่น,ส่วนกลางคณะ,แผนงานบริการวิชาการ,งานบริการวิชาการเพื่อสังคม,รายจ่ายประจำ,งบรายจ่ายอื่น,ไม่มี,ไม่ต้องจับกลุ่ม group,2020,thitiya.t,
96,งานการเจ้าหน้าที่,ค่าเอกสารประกอบการสอนและเอกสารประกอบคำสอน,10000,ค่าเอกสารประกอบคำสอนและเอกสารประกอบการสอนสำหรับสายวิชาการซึ่งใช้ขอตำแหน่งทางวิชาการ,ส่วนกลางคณะ,แผนงานสนับสนุนการศึกษา,งานพัฒนาหลักสูตรและการเรียนการสอน,รายจ่ายประจำ,งบดำเนินงาน,ค่าวัสดุ,ไม่ต้องจับกลุ่ม group,2020,pattama.ru,
97,งานบริการวิชาการ,ค่าใช้จ่ายสนับสนุนงานบริการวิชาการของสาขาวิชาเศรษฐศาสตร์,50000,"เพื่อเป็นค่าใช้จ่ายในการให้บริการวิชาการแก่สังคมและชุมชนแบบให้เปล่าของสาขาวิชาเศรษฐศาสตร์: การจัดสัมมนา/บรรยายพิเศษ บริการชุมชนประจำปี โครงการคุยไปคิดไป จุดไฟปัญญา หรือการจัดโครงการให้บริการวิชาการแก่สังคมอื่น ๆ จำนวน 50,000 บาท",สาขาวิชาเศรษฐศาสตร์,แผนงานบริการวิชาการ,งานบริการวิชาการเพื่อสังคม,รายจ่ายประจำ,งบรายจ่ายอื่น,ไม่มี,ไม่ต้องจับกลุ่ม group,2020,thitiya.t,
98,งานการเจ้าหน้าที่,ค่าใช้จ่ายในการเดินทางประชุม สัมมนาและฝึกอบรม,650000,"เพื่อสมทบเป็นค่าเดินทาง ค่าลงทะเบียน ค่าที่พักเหมาจ่ายในการประชุม/สัมมนา/ฝึกอบรม/ดูงาน/ศึกษาต่อ เพื่อการพัฒนาบุคลากรสายวิชาการ ดังนี้ 1.อาจารย์(จ้างด้วย งปม.แผ่นดิน) 23 คน x 25,000.- บาท 2.อาจารย์(จ้างด้วยเงินรายได้คณะฯ) 3 คน x 25,000.- บาท",ส่วนกลางคณะ,แผนงานสนับสนุนการศึกษา,งานพัฒนาบุคลากรสายวิชาการ (สาย ก),รายจ่ายประจำ,งบดำเนินงาน,ค่าใช้สอย,ไม่ต้องจับกลุ่ม group,2020,pattama.ru,
99,งานบริการวิชาการ,กิจกรรม ม.อ.วิชาการ,150000,"เพื่อเป็นค่าใช้ในการจัดกิจกรรมในงาน ม.อ.วิชาการ คณะเศรษฐศาสตร์ โดยแบ่งเป็น 1) กิจกรรมส่วนกลาง 10,000 บาท 2) กิจกรรมตอบปัญหาทางเศรษฐศาสตร์ (ศศ.) 70,000 บาท 3) กิจกรรมการประกวดโครงงานเศรษฐกิจพอเพียง (ศก.) 70,000 บาท",ส่วนกลางคณะ,แผนงานบริการวิชาการ,งานบริการวิชาการเพื่อสังคม,รายจ่ายประจำ,งบรายจ่ายอื่น,ไม่มี,ไม่ต้องจับกลุ่ม group,2020,thitiya.t,
100,งานบริการวิชาการ,ค่าใช้จ่ายสนับสนุนการจัดโครงการบริการวิชาการที่มีการเก็บค่าลงทะเบียน,120000,เพื่อเป็นค่าใช้จ่ายเริ่มต้นสำหรับการเตรียมการจัดโครงการบริการวิชาการที่มีการเก็บค่าลงทะเบียน เช่น การจัดหลักสูตรอบรมระยะสั้นต่าง ๆ เป็นต้น,ส่วนกลางคณะ,แผนงานบริการวิชาการ,งานบริการวิชาการเพื่อหารายได้,รายจ่ายประจำ,งบรายจ่ายอื่น,ไม่มี,ไม่ต้องจับกลุ่ม group,2020,thitiya.t,
102,งานบริการการศึกษา,ฝึกงานและสหกิจศึกษา,60000,"- จัดกิจกรรมชี้แจง 5,000 บาท - ค่าจัดทำเอกสาร 2,000 บาท - ประสานงานทางไปรษณีย์ 1,500 บาท - จัดกิจกรรมเตรียมความพร้อมด้านต่างๆ (เตรียมความพร้อมด้านวิชาการ 10,000 เตรียมความพร้อมด้านทักษะ 5,000) - นิเทศนักศึกษาฝึกงานและสหกิจศึกษา 25,000 บาท - ของที่ระลึกสำหรับหน่วยงาน 3,000 บาท - อบรมอาจารย์นิเทศสหกิจ 5,000 บาท - อื่นๆ ที่เกี่ยวข้อง 3,000 บาท",สาขาวิชาเศรษฐศาสตร์,แผนงานจัดการศึกษา,งานจัดการศึกษาคณะเศรษฐศาสตร์,รายจ่ายประจำ,งบเงินอุดหนุน,ไม่มี,ไม่ต้องจับกลุ่ม group,2020,thiti.m,
103,งานการเจ้าหน้าที่,ทุนอุดหนุนค่าสอบภาษาต่างประเทศ,36000,เพื่อเป็นค่าใช้จ่ายในการสอบ TOEFL IELTS GRE หรือการทดสอบต่างๆ ที่ใช้ภาษาต่างประเทศเป็นเกณฑ์รับเข้าศึกษาต่อจำนวน 4 ทุน ทุนละ 9000 บาท,ส่วนกลางคณะ,แผนงานสนับสนุนการศึกษา,งานพัฒนาบุคลากรสายวิชาการ (สาย ก),รายจ่ายประจำ,งบเงินอุดหนุน,ไม่มี,ไม่ต้องจับกลุ่ม group,2020,pattama.ru,
104,งานบริการการศึกษา,การศึกษาดูงานในรายวิชา,50000,การศึกษาดูงานในรายวิชา,สาขาวิชาเศรษฐศาสตร์,แผนงานจัดการศึกษา,งานจัดการศึกษาคณะเศรษฐศาสตร์,รายจ่ายประจำ,งบเงินอุดหนุน,ไม่มี,ไม่ต้องจับกลุ่ม group,2020,thiti.m,
105,งานบริการการศึกษา,กิจกรรม PBL,5000,กิจกรรม PBL,สาขาวิชาเศรษฐศาสตร์,แผนงานจัดการศึกษา,งานจัดการศึกษาคณะเศรษฐศาสตร์,รายจ่ายประจำ,งบเงินอุดหนุน,ไม่มี,ไม่ต้องจับกลุ่ม group,2020,thiti.m,
106,งานการเจ้าหน้าที่,ทุนอุดหนุนการศึกษาต่อ,2000000,เพื่อเป็นค่าใช้จ่ายสนับสนุนการศึกษาให้กับอาจารย์ในสังกัด 4 คน ที่อยู่ระหว่างการศึกษาต่อระดับปริญญาเอกทั้งในและต่างประเทศ ทุน Ph.D 50%,ส่วนกลางคณะ,แผนงานสนับสนุนการศึกษา,งานพัฒนาบุคลากรสายวิชาการ (สาย ก),รายจ่ายประจำ,งบเงินอุดหนุน,ไม่มี,ไม่ต้องจับกลุ่ม group,2020,pattama.ru,
107,งานประกันคุณภาพ,ค่าตอบแทนกรรมการประเมินคุณภาพภายนอกของหลักสูตรในสาขาวิชาเศรษฐศาสตร์ (1 หลักสูตร),11000,"เพื่อเป็นค่าตอบแทนกรรมการประเมิน AUN QA หลักสูตรโดย กก.ภายนอก จาก ทปอ. ในปีการศึกษา 2564 (คณะจะส่งเสริมให้หลักสูตรส่งประเมินภายนอกด้วยในปี 64) โดยหลักสูตรเศรษฐศาสตร์ มีค่าใช้จ่าย 1 หลักสูตร คือ ประธาน 1 คน 6,000 บ. + กก. 1 คน 5,000 บ. = 11,000 บ.",สาขาวิชาเศรษฐศาสตร์,แผนงานการบริหารการศึกษา,งานบริหารทั่วไป,รายจ่ายประจำ,งบดำเนินงาน,ค่าตอบแทน,ไม่ต้องจับกลุ่ม group,2020,sirikarn.k,
108,งานบริการการศึกษา,ฝึกงานและสหกิจศึกษา,80000,"- จัดกิจกรรมชี้แจง 5,000 บาท - ค่าจัดทำเอกสาร 2,000 บาท - ประสานงานทางไปรษณีย์ 1,500 บาท - จัดกิจกรรมเตรียมความพร้อมด้านต่างๆ (เตรียมความพร้อมด้านวิชาการ 15,000 เตรียมความพร้อมด้านทักษะ 5,000) - นิเทศนักศึกษาฝึกงานและสหกิจศึกษา 40,000 บาท - ของที่ระลึกสำหรับหน่วยงาน 3,500 บาท - อบรมอาจารย์นิเทศสหกิจ 5,000 บาท - อื่นๆ ที่เกี่ยวข้อง 3,000 บาท",สาขาวิชาเศรษฐศาสตร์เกษตร,แผนงานจัดการศึกษา,งานจัดการศึกษาคณะเศรษฐศาสตร์,รายจ่ายประจำ,งบเงินอุดหนุน,ไม่มี,ไม่ต้องจับกลุ่ม group,2020,thiti.m,
109,งานบริการการศึกษา,การศึกษาดูงานในรายวิชา,50000,การศึกษาดูงานในรายวิชา,สาขาวิชาเศรษฐศาสตร์เกษตร,แผนงานจัดการศึกษา,งานจัดการศึกษาคณะเศรษฐศาสตร์,รายจ่ายประจำ,งบเงินอุดหนุน,ไม่มี,ไม่ต้องจับกลุ่ม group,2020,thiti.m,
110,งานการเจ้าหน้าที่,ทุนอุดหนุนการเรียนภาษาเพิ่มเติม,40000,ค่าใช้จ่ายอุดหนุนการเรียนภาษาอังกฤษเพิ่มเติม หรือภาษาอื่นๆ ในประเทศที่ได้รับทุน เพื่อเตรียมตัวศึกษาต่อให้กับอาจารย์ กรณีอาจารย์ได้รับทุนศึกษาต่อปริญญาเอกเเล้ว จำนวน 4 ทุน ทุนละ 10000.- บาท,ส่วนกลางคณะ,แผนงานสนับสนุนการศึกษา,งานพัฒนาบุคลากรสายวิชาการ (สาย ก),รายจ่ายประจำ,งบเงินอุดหนุน,ไม่มี,ไม่ต้องจับกลุ่ม group,2020,pattama.ru,
111,งานบริการการศึกษา,กิจกรรมการเรียนรู้วิถีชีวิตชุมชนเกษตร,60000,รายวิชาการเรียนรู้วิถีชีวิตชุมชนเกษตร,สาขาวิชาเศรษฐศาสตร์เกษตร,แผนงานจัดการศึกษา,งานจัดการศึกษาคณะเศรษฐศาสตร์,รายจ่ายประจำ,งบเงินอุดหนุน,ไม่มี,ไม่ต้องจับกลุ่ม group,2020,thiti.m,
112,งานอาคารสถานที่และยานพาหนะ,ค่าแบตเตอรี่ไฟฉุกเฉิน(วัสดุ),60000,สำหรับเปลี่ยนในเครื่องสำรองไฟฉุกเฉิน จำนวน 20 ตัว,ส่วนกลางคณะ,แผนงานการบริหารการศึกษา,งานบริหารทั่วไป,รายจ่ายประจำ,งบดำเนินงาน,ค่าวัสดุ,ไม่ต้องจับกลุ่ม group,2020,thanita.s,
113,งานบริการการศึกษา,สนับสนุนการใช้งาน Tell Me More และ PSU English Test,5000,1. เพื่อเป็นค่าใช้จ่ายในการจัดอบรมและการจัดสอบ Tell Me More 2. เพื่อเป็นค่าใช้จ่ายในการจัดอบรมช่วยพัฒนานักศึกษา โดยเน้น การเสริมแรงและสนับสนุนให้มีการใช้โปรแกรมภาษาอังกฤษทั้งที่ มหาวิทยาลัยจัดให้และสื่อต่างๆ จากภายนอก เพื่อส่งเสริมให้ นักศึกษามีความใฝ่รู้ ให้มีทักษะและศักยภาพมากขึ้น เช่น คลินิค ให้คำปรึกษาทางวิชาการ ให้ความรู้เกี่ยวกับคำศัพท์ จัดกิจกรรม กระตุ้นการเรียนรู้ ได้แก่ การจัดกิจกรรมแข่งขัน ประกวดให้รางวัล สำหรับผู้มีคะแนนสูงสุดและผู้ใช้โปรแกรมอย่างสม่ำเสมอ เป็นต้น,ส่วนกลางคณะ,แผนงานการบริหารการศึกษา,งานจัดการศึกษาคณะเศรษฐศาสตร์,รายจ่ายประจำ,งบเงินอุดหนุน,ไม่มี,ไม่ต้องจับกลุ่ม group,2020,thiti.m,
114,งานบริการการศึกษา,ค่าตรวจข้อสอบ,40000,เพื่อเป็นค่าตรวจข้อสอบในรายวิชาต่าง ๆ,ส่วนกลางคณะ,แผนงานจัดการศึกษา,งานจัดการศึกษาคณะเศรษฐศาสตร์,รายจ่ายประจำ,งบดำเนินงาน,ค่าตอบแทน,ไม่ต้องจับกลุ่ม group,2020,thiti.m,
115,งานประกันคุณภาพ,ค่าตอบแทนกรรมการประเมินคุณภาพภายนอกของหลักสูตรในสาขาวิชาเศรษฐศาสตร์เกษตร (2 หลักสูตร),22000,"เพื่อเป็นค่าตอบแทนกรรมการประเมิน AUN QA หลักสูตรโดย กก.ภายนอก จาก ทปอ. ในปีการศึกษา 2564 (คณะจะส่งเสริมให้หลักสูตรส่งประเมินภายนอกด้วยในปี 64) โดยหลักสูตรเศรษฐศาสตร์เกษตร มี 2 หลักสูตร มีค่าใช้จ่าย คือ (ประธาน 1 คน 6,000 บ. + กก. 1 คน 5,000 บ.)x2 หลักสูตร = 22,000 บ.",สาขาวิชาเศรษฐศาสตร์เกษตร,แผนงานการบริหารการศึกษา,งานบริหารทั่วไป,รายจ่ายประจำ,งบดำเนินงาน,ค่าตอบแทน,ไม่ต้องจับกลุ่ม group,2020,sirikarn.k,
116,งานประกันคุณภาพ,ค่าอาหารและเครื่องดื่ม การประเมิน EdPEx,3500,"ขอปรับลดจากเดิมจากเดิม 5,000 บาท เป็น 3,600 บาท เพื่อเป็นค่าอาหารและเครื่องดื่มในการประเมินคุณภาพภายในระดับคณะฯ ตามเกณฑ์ EdPEx ดังนี้ จำนวนผู้เข้าร่วม = กก.3+ผบ.4+หน.2+ผอ.โท1+ศศ.9+ศก.5+จนท.15 = 39 คน (คาดว่าเข้าร่วมจริง 26 คน) อาหารว่างและผลไม้ = 26 คน x 30 บ. x 2 มื้อเช้าบ่าย = 1,560 บ. อาหารกลางวัน เฉพาะผู้แจ้งตอบรับเท่านั้น กก. 2+ผบ.4+อ.8+จนท.15 = 29 คน x 60 บ. = 1,740 บ. น้ำดื่ม 5 แพ๊คๆ ละประมาณ 50 บ. = 5 x 50 บ. = 250 บาท รวมทั้งหมด = 3,550 บาท รายละเอียดตามค่าใช้จ่ายจากการประเมินระดับคณะฯ ตามเกณฑ์ EdPEx ของปีที่ผ่านมาก",ส่วนกลางคณะ,แผนงานการบริหารการศึกษา,งานบริหารทั่วไป,รายจ่ายประจำ,งบดำเนินงาน,ค่าใช้สอย,ไม่ต้องจับกลุ่ม group,2020,sirikarn.k,
117,งานการเจ้าหน้าที่,ค่าของที่ระลึกผู้ประเมินเอกสารประกอบการสอนเเละเอกสารประกอบคำสอน,5000,เพื่อเป็นค่าของที่ระลึกให้แก่ผู้ประเมินเอกสารประกอบการสอนเเละเอกสารประกอบคำสอน,ส่วนกลางคณะ,แผนงานสนับสนุนการศึกษา,งานพัฒนาหลักสูตรและการเรียนการสอน,รายจ่ายประจำ,งบดำเนินงาน,ค่าวัสดุ,ไม่ต้องจับกลุ่ม group,2020,pattama.ru,
118,งานบริหารความเสี่ยง,ค่าอาหารและเครื่องดื่ม การประชุมคณะกรรมการควบคุมภายในและบริหารความเสี่ยง และการเข้าปฏิบัติงานตรวจสอบโดยหน่วยตรวจสอบ,900,ยืนยันคงเดิม 900 บาท สำหรับจัดประชุมการสอบทานภายใน และกิจกรรมตรวจสอบภายใน ประมาณการค่าใช้จ่ายดังนี้ 1) กิจกรรมเข้าสอบทานภายใน กรรมการสอบทาน 3 คน + จนท.ที่เกี่ยวข้อง 2 คน + คณบดี 1 คน + ผบ.ท่านอื่น (หากมี) 1 คน = 7 คน ค่าอาหารกลางวัน 60 บ. X 7 คน = 420 บ. ค่าอาหารว่าง และผลไม้ 1 มื้อ = 7 คน x 30 บ. = 210 บ. น้ำดื่ม 1 โหล = 50 บ. รวม 680 บาท 2) ประชุมกรรมการสอบทาน (ก่อนตรวจ) 2 ครั้ง เพื่อเตรียมความพร้อม ค่าอาหารว่าง 2 ครั้ง x 3 คน x 30 บ. = 180 บ. รวมประมาณการค่าใช้จ่าย กิจกรรมที่ 1) + 2) = 860 บ.,ส่วนกลางคณะ,แผนงานการบริหารการศึกษา,งานบริหารทั่วไป,รายจ่ายประจำ,งบดำเนินงาน,ค่าใช้สอย,ไม่ต้องจับกลุ่ม group,2020,sirikarn.k,
119,งานประกันคุณภาพ,ค่าอาหารและเครื่องดื่ม การประเมินภายในแบบ site visit หลักสูตรของสาขาวิชาเศรษฐศาสตร์,3000,"สำหรับค่าอาหารและเดรื่องดื่มในการประเมินหลักสูตรเศรษฐศาสตร์ แบบ site visit (กก.2+ผบ.4+หน.1+อ.9+จนท.15 = 31 คน) อาหารว่างและผลไม้ = 31 คน x 30 บ. x 1 มื้อเช้า = 930 บ. อาหารกลางวัน = 31 คน x 60 บ. = 1,860 บ. + น้ำดื่ม 3 แพ๊คๆ ละ 50 บ. = 150 บาท รวม 2,940 บาท",สาขาวิชาเศรษฐศาสตร์,แผนงานการบริหารการศึกษา,งานบริหารทั่วไป,รายจ่ายประจำ,งบดำเนินงาน,ค่าใช้สอย,ไม่ต้องจับกลุ่ม group,2020,sirikarn.k,
120,งานประกันคุณภาพ,ค่าอาหารและเครื่องดื่ม การประเมินภายในแบบ site visit หลักสูตรของสาขาวิชาเศรษฐศาสตร์เกษตร,4880,"เป็นค่าอาหารในการ site visit หลักสูตรสาขาวิชาเศรษฐศาสตร์เกษตร จำนวน 2 หลักสูตร ดังนี้ 1) ประเมินหลักสูตรเศรษฐศาสตร์เกษตร (กก.2+ผบ.2+หน.1+อ.6+จนท.15 = 26 คน) อาหารว่างและผลไม้ = 26 คน x 30 บ. x 1 มื้อเช้า = 780 บ. อาหารกลางวัน = 26 คน x 60 บ. = 1,560 บ. น้ำดื่ม 2 แพ๊คๆ ละ 50 บ. = 100 บาท รวม 2,440 บาท 2) ประเมินหลักสูตรเศรษฐศาสตร์ปริญญาโท (กก.2+ผบ.2+หน.1+อ.6+จนท.15=26คน) อาหารว่างและผลไม้ = 26 คน x 30 บ. x 1 มื้อเช้า = 780 บ. อาหารกลางวัน = 26 คน x 60 บ. = 1,560 บ. + น้ำดื่ม 2 แพ๊คๆ ละ 50 บ. = 100 บาท รวม 2,440 บาท รวมทั้ง 1) + 2) = 4,880 บาท (เป็นค่าใช้จ่ายในการประเมินภายใน 1 รอบ)",สาขาวิชาเศรษฐศาสตร์เกษตร,แผนงานการบริหารการศึกษา,งานบริหารทั่วไป,รายจ่ายประจำ,งบดำเนินงาน,ค่าใช้สอย,ไม่ต้องจับกลุ่ม group,2020,sirikarn.k,
121,งานบริหารความเสี่ยง,ค่าอาหารและเครื่องดื่ม กิจกรรมการเข้าสอบทานภายใน (โดยหน่วยตรวจสอบ),600,ขอปรับลดจากเดิม 900 บาท เป็น 600 บาท เพื่อรองรับการเข้าปฏิบัติงานตรวจสอบโดยหน่วยตรวจสอบ (หน่วยตรวจสอบจะมาตรวจซ้ำในปีนี้ เพื่อติดตามผลดำเนินงานหลังจากได้เสนอแนะในการตรวจปีที่ผ่านมา) ทั้งนี้ ตามหลักจรรยาบรรณ หน่วยตรวจสอบจะไม่รับการเลี้ยงรับรองจากหน่วยงานที่เข้าตรวจ เนื่องจากขัดต่อหลักจรรยาบรรณ และอาจเป็นเหตุให้เกิดความเกรงใจ หรือเป็นการรับสินบน (คณะฯ เลี้ยงเพียงเครื่องดื่มได้) ค่าน้ำดื่ม 1 โหล = 50 บ. ค่าเครื่องดื่ม 2 คน x 10 วัน x 25 บ. = 500 บ. รวม 550 บาท,ส่วนกลางคณะ,แผนงานการบริหารการศึกษา,งานบริหารทั่วไป,รายจ่ายประจำ,งบดำเนินงาน,ค่าใช้สอย,ไม่ต้องจับกลุ่ม group,2020,sirikarn.k,
122,งานประกันคุณภาพ,ค่าเดินทางและที่พักของกรรมการภายนอกที่มาประเมินหลักสูตร สาขาวิชาเศรษฐศาสตร์,16000,"สำหรับประเมินหลักสูตรเศรษฐศาสตร์ - ค่าเดินทาง (2คนx6,000บ.) + ค่าที่พัก(2คนx1,450บ.) + ค่าTaxi(2 คนx600บ.) = 16,100 บ.",สาขาวิชาเศรษฐศาสตร์,แผนงานการบริหารการศึกษา,งานบริหารทั่วไป,รายจ่ายประจำ,งบดำเนินงาน,ค่าใช้สอย,ไม่ต้องจับกลุ่ม group,2020,sirikarn.k,
123,งานประกันคุณภาพ,ค่าเดินทางและที่พักของกรรมการภายนอกที่มาประเมินหลักสูตร สาขาวิชาเศรษฐศาสตร์เกษตร,32000,"สำหรับการประเมินภายนอกของหลักสูตรในสาขาวิชาเศรษฐศาสตร์เกษตร (จำนวน 2 หลักสูตร) 1) ประเมินหลักสูตรเศรษฐศาสตร์เกษตร ค่าเดินทาง (2คนx6,000บ.) + ค่าที่พัก(2คนx1,450บ.) + ค่าTaxi(2 คนx600บ.) = 16,100 บ. 2) ประเมินหลักสูตรปริญญาโท ค่าเดินทาง (2คนx6,000บ.) + ค่าที่พัก(2คนx1,450บ.) + ค่าTaxi(2 คนx600บ.) = 16,100 บ. รวมทั้งสิ้น 1)+2) = 16,100 x 3 = 48,300",สาขาวิชาเศรษฐศาสตร์เกษตร,แผนงานการบริหารการศึกษา,งานบริหารทั่วไป,รายจ่ายประจำ,งบดำเนินงาน,ค่าใช้สอย,ไม่ต้องจับกลุ่ม group,2020,sirikarn.k,
124,งานการเจ้าหน้าที่,โครงการพัฒนาบุคลากรสายวิชาการ,20000,โครงการพัฒนาบุคลากรสายวิชาการ เช่น 1.การเตรียมความพร้อมเข้าสู่ตำแหน่งทางวิชาการ 2.กรอบมาตรฐานสมรรถนะอาจารย์ มอ.,ส่วนกลางคณะ,แผนงานสนับสนุนการศึกษา,งานพัฒนาบุคลากรสายวิชาการ (สาย ก),รายจ่ายประจำ,งบรายจ่ายอื่น,ไม่มี,ไม่ต้องจับกลุ่ม group,2020,pattama.ru,
125,งานการเจ้าหน้าที่,โครงการพัฒนาบุคลากรสายวิชาการ(สาขาวิชาเศรษฐศาสตร์)),140000,โครงการพัฒนาบุคลากรสายวิชาการสาขาวิชาเศรษฐศาสตร์ เช่น 1.ทักษะการใช้โปรแกรมวิเคราะห์ทางเศรษฐศาสตร์ 2.อบรมเชิงปฏิบัติการเพื่อเตรียมความพร้อมเช่น PBL 3.สัมมนาประจำปีสาขาวิชาเศรษฐศาสตร์ 4.หรือกิจกรรมอื่น ๆ ที่สาขาวิชากำหนด,สาขาวิชาเศรษฐศาสตร์,แผนงานสนับสนุนการศึกษา,งานพัฒนาบุคลากรสายวิชาการ (สาย ก),รายจ่ายประจำ,งบรายจ่ายอื่น,ไม่มี,ไม่ต้องจับกลุ่ม group,2020,pattama.ru,
126,งานการเจ้าหน้าที่,โครงการพัฒนาบุคลากรสายวิชาการ(สาขาวิชาเศรษฐศาสตร์เกษตร),100000,โครงการพัฒนาศักยภาพคณาจารย์สาขาวิชาเศรษฐศาสตร์เกษตร หรือกิจกรรมอื่นๆ ที่สาขาวิชากำหนด,สาขาวิชาเศรษฐศาสตร์เกษตร,แผนงานสนับสนุนการศึกษา,งานพัฒนาบุคลากรสายวิชาการ (สาย ก),รายจ่ายประจำ,งบรายจ่ายอื่น,ไม่มี,ไม่ต้องจับกลุ่ม group,2020,pattama.ru,
127,งานการเจ้าหน้าที่,ค่าใช้จ่ายทำนุบำรุงศิลปวัฒนธรรมไทยของบุคลากรคณะฯ,25000,เพื่อใช้จ่ายในการจัดกิจกรรมประจำปีสำหรับบุคลากร ได้แก่ พิธีทำบุญคณะ วันสงกรานต์ ผ้าไทย เสื้อผ้าตามเทศกาลต่างๆ และอื่นๆ,ส่วนกลางคณะ,แผนงานทำนุบำรุงศิลปวัฒนธรรมไทย,งานทำนุบำรุงศิลปวัฒนธรรมไทย,รายจ่ายประจำ,งบรายจ่ายอื่น,ไม่มี,ไม่ต้องจับกลุ่ม group,2020,pattama.ru,
128,งานการเจ้าหน้าที่,โครงการสัมมนาประจำปี,100000,จัดสัมมนาประจำปีของคณะฯ เช่น โครงการสัมมนาบุคลากรสายสนับสนุน สายวิชาการ ผู้บริหาร (สัมมนาบุคลากรทั้งคณะ),ส่วนกลางคณะ,แผนงานการบริหารการศึกษา,งานพัฒนาบุคลากรฝ่ายบริหารและสายสนับสนุน,รายจ่ายประจำ,งบรายจ่ายอื่น,ไม่มี,ไม่ต้องจับกลุ่ม group,2020,pattama.ru,
129,งานการเจ้าหน้าที่,โครงการพัฒนาบุคลากรสายสนับสนุน,30000,"ค่าใช้จ่ายในโครงการพัฒนาบุคลากรสายสนับสนุน เช่น 1.กิจกรรม KM 2.โครงการพัฒนาภาษาอังกฤษบุคลากรสายสนับสนุน 3.กิจกรรมพัฒนาทักษะด้านคอมพิวเตอร์,การวิเคราะห์ข้อมูล",ส่วนกลางคณะ,แผนงานการบริหารการศึกษา,งานพัฒนาบุคลากรฝ่ายบริหารและสายสนับสนุน,รายจ่ายประจำ,งบรายจ่ายอื่น,ไม่มี,ไม่ต้องจับกลุ่ม group,2020,pattama.ru,
130,งานประกันคุณภาพ,ค่าจัดทำเล่ม EdPEx,2500,"ชอยืนยันตามเดิม 2,500 บาท เพื่อเป็นค่าจัดทำเล่ม/เข้าปก รวมทั้งปริ้นเอกสารสี เล่มรายงาน EdPEx รวมจำนวน 11 เล่ม (กก.2+ผบ.4+หน.สาขา2+ผอ.ป.โท1+งานQA 1+ส่ง ม.1= 11 เล่ม x 227 บ. = 2,497 บ.)",ส่วนกลางคณะ,แผนงานการบริหารการศึกษา,งานบริหารทั่วไป,รายจ่ายประจำ,งบดำเนินงาน,ค่าวัสดุ,ไม่ต้องจับกลุ่ม group,2020,sirikarn.k,
131,งานประกันคุณภาพ,ค่าจัดทำเล่ม SAR หลักสูตร ของสาขาวิชาเศรษฐศาสตร์,1100,"เพื่อเป็นค่าเข้าเล่ม/ทำปก รวมทั้งปริ้นเอกสารสีจากร้านถ่ายเอกสาร SAR AUN QA ของ 1 หลักสูตร สำหรับแจกให้แก่ หัวหน้าสาขา และอาจารย์ประจำหลักสูตร 6 เล่ม + กก. 2 เล่ม + งาน QA เก็บที่คณะ 1 เล่ม (หลักสูตรละไม่เกิน 1,100 บ.)",สาขาวิชาเศรษฐศาสตร์,แผนงานการบริหารการศึกษา,งานบริหารทั่วไป,รายจ่ายประจำ,งบดำเนินงาน,ค่าวัสดุ,ไม่ต้องจับกลุ่ม group,2020,sirikarn.k,
132,งานประกันคุณภาพ,ค่าจัดทำเล่ม SAR หลักสูตร ของสาขาวิชาเศรษฐศาสตร์เกษตร,2200,เพื่อเป็นค่าเข้าเล่ม/ทำปก รวมทั้งปริ้นเอกสารสีจากร้านถ่ายเอกสาร SAR AUN QA ของ 2 หลักสูตร สำหรับแจกให้แก่ หัวหน้าสาขา และอาจารญ์ประจำหลักสูตร 2 หลักสูตร รวม 6x2 เล่ม + กก. 2x2 เล่ม + งาน QA เก็บที่คณะ 1x2 เล่ม,สาขาวิชาเศรษฐศาสตร์เกษตร,แผนงานการบริหารการศึกษา,งานบริหารทั่วไป,รายจ่ายประจำ,งบดำเนินงาน,ค่าวัสดุ,ไม่ต้องจับกลุ่ม group,2020,sirikarn.k,
134,งานประกันคุณภาพ,การดูงาน/ศึกษาแนวปฏิบัติที่ดีของหลักสูตรสืบเนื่องจากการ Benchmark สาขาวิชาเศรษฐศาสตร์,15700,"ขอตั้งงบใหม่ 15,600 บาท สำหรับการเดินทางไปศึกษา Best/Good Practice (หรืออาจศึกษาแนวปฏิบัติที่ดีในคราวเดียวกันที่อาจารย์เดินทางไปสัมมนาหรือดูงานซึ่งมีการตั้งงบไว้แล้วก็ได้) โดยส่งตัวแทนเข้าร่วมเพียงสาขาละ 2 คน ค่าเดินทาง อ.ประจำหลักสูตร 2 คน x 4,000 บ. = 8,000 บ. ค่าที่พัก 2 คืน x 2 คน x 1,450 บ. = 5,800 บ. ค่า Taxi 500 บ. x 2 คน = 1,000 บ. ค่าเบี้ยเลี้ยง 2 คน x 2 วัน x 240 บ.(ถัวเฉลี่ย) = 960 บ. รวม 15,760 บาท",สาขาวิชาเศรษฐศาสตร์,แผนงานสนับสนุนการศึกษา,งานพัฒนาหลักสูตรและการเรียนการสอน,รายจ่ายประจำ,งบดำเนินงาน,ค่าใช้สอย,ไม่ต้องจับกลุ่ม group,2020,sirikarn.k,
135,งานประกันคุณภาพ,การดูงาน/ศึกษาแนวปฏิบัติที่ดีของหลักสูตรสืบเนื่องจากการ Benchmark สาขาวิชาเศรษฐศาสตร์เกษตร,15700,"ขอตั้งงบใหม่ 15,700 บาท สำหรับการเดินทางไปศึกษา Best/Good Practice (หรืออาจศึกษาแนวปฏิบัติที่ดีในคราวเดียวกันที่อาจารย์เดินทางไปสัมมนาหรือดูงานที่สาขาได้มีการตั้งงบไว้แล้วก็ได้) โดยส่งตัวแทนเข้าร่วมเพียงสาขาละ 2 คน ค่าเดินทาง อ.ประจำหลักสูตร 2 คน x 4,000 บ. = 8,000 บ. ค่าที่พัก 2 คืน x 2 คน x 1,450 บ. = 5,800 บ. ค่า Taxi 500 บ. x 2 คน = 1,000 บ. ค่าเบี้ยเลี้ยง 2 คน x 2 วัน x 240 บ.(ถัวเฉลี่ย) = 960 บ. รวม 15,760 บาท",สาขาวิชาเศรษฐศาสตร์เกษตร,แผนงานสนับสนุนการศึกษา,งานพัฒนาหลักสูตรและการเรียนการสอน,รายจ่ายประจำ,งบดำเนินงาน,ค่าใช้สอย,ไม่ต้องจับกลุ่ม group,2020,sirikarn.k,
139,งานบริการการศึกษา,ค่าสอน,60000,เพื่อเป็นค่าสอนให้กับอาจารย์พิเศษ ระดับปริญญาตรี สาขาวิชาเศรษฐศาสตร์ สอนเต็มเวลา 5 รายวิชา (30 ชม x 400 บาท x 5 วิชา),สาขาวิชาเศรษฐศาสตร์,แผนงานจัดการศึกษา,งานจัดการศึกษาคณะเศรษฐศาสตร์,รายจ่ายประจำ,งบดำเนินงาน,ค่าตอบแทน,ไม่ต้องจับกลุ่ม group,2020,pachisa.k,
140,งานบริการการศึกษา,ค่าสอน,14400,เพื่อเป็นค่าสอนให้กับอาจารย์พิเศษ ระดับปริญญาตรี สาขาวิชาเศรษฐศาสตร์ สอนรายครั้ง 6 รายวิชา (6 ชม x 400 บาท x 6 วิชา),สาขาวิชาเศรษฐศาสตร์,แผนงานจัดการศึกษา,งานจัดการศึกษาคณะเศรษฐศาสตร์,รายจ่ายประจำ,งบดำเนินงาน,ค่าตอบแทน,ไม่ต้องจับกลุ่ม group,2020,pachisa.k,
141,งานวิจัย,โครงการอบรมความรู้ด้านวิจัยแก่บุคลากรสายสนับสนุน,6000,"ขอตั้งงบใหม่ 6,000 เพื่อจะจัดโครงการ ""การเขียนประเมินค่างาน สำหรับบุคลากรสายสนับสนุน"" ประมาณการค่าใช้จ่ายดังนี้ - ค่าวิทยากร (ใน ม.อ.) (1คนX6ชม.X600บ.) = 3,600 บ. - ค่าอาหารกลางวัน (16 คน x 60 บ.) = 960 - ค่าอาหารว่าง/ผลไม้2มื้อ(16คนX30บ.X2มื้อ) = 960 บ. - ค่าใช้จ่ายอื่นๆ หากมี (ค่าเอกสาร) = 500 บ. รวม 6,020 บาท - - > ขอตั้งเผื่อไว้ 6,000 บ.",ส่วนกลางคณะ,แผนงานการบริหารการศึกษา,งานพัฒนาบุคลากรฝ่ายบริหารและสายสนับสนุน,รายจ่ายประจำ,งบรายจ่ายอื่น,ไม่มี,ไม่ต้องจับกลุ่ม group,2020,sirikarn.k,
142,งานบริการการศึกษา,ค่าสอน,60000,เพื่อเป็นค่าสอนให้กับอาจารย์พิเศษ ระดับปริญญาตรี สาขาวิชาเศรษฐศาสตร์เกษตร สอนเต็มเวลา 5 รายวิชา (30 ชม x 400 บาท x 5 วิชา),สาขาวิชาเศรษฐศาสตร์เกษตร,แผนงานจัดการศึกษา,งานจัดการศึกษาคณะเศรษฐศาสตร์,รายจ่ายประจำ,งบดำเนินงาน,ค่าตอบแทน,ไม่ต้องจับกลุ่ม group,2020,pachisa.k,
143,งานบริการการศึกษา,ค่าสอน,14400,เพื่อเป็นค่าสอนให้กับอาจารย์พิเศษ ระดับปริญญาตรี สาขาวิชาเศรษฐศาสตร์เกษตร สอนรายครั้ง 6 รายวิชา (6 ชม x 400 บาท x 6 วิชา),สาขาวิชาเศรษฐศาสตร์เกษตร,แผนงานจัดการศึกษา,งานจัดการศึกษาคณะเศรษฐศาสตร์,รายจ่ายประจำ,งบดำเนินงาน,ค่าตอบแทน,ไม่ต้องจับกลุ่ม group,2020,pachisa.k,
144,งานบริการการศึกษา,ค่าตอบแทน,10000,เพื่อเป็นค่าตอบแทนในงานการเรียนการสอนดังนี้ 1) เงินอุดหนุนนักศึกษาในกิจกรรมที่เกี่ยวกับหลักสูตร เช่น สมทบการดูงานใน/นอกประเทศ แลกเปลี่ยนกับมหาวิทยาลัยในต่างประเทศ ของสาขาวิชาเศรษฐศาสตร์ธุรกิจเกษตร ระดับ ป.โท (ภาคปกติ),ส่วนกลางคณะ,แผนงานจัดการศึกษา,งานจัดการศึกษาคณะเศรษฐศาสตร์,รายจ่ายประจำ,งบดำเนินงาน,ค่าตอบแทน,ไม่ต้องจับกลุ่ม group,2020,pachisa.k,
145,งานบริการการศึกษา,ค่าตอบแทน,15000,"เพื่อเป็นค่าตอบแทนในงานการเรียนการสอนดังนี้ 2) ค่าตอบแทนรายวิชาที่สอนเป็นภาษาอังกฤษ สาขาวิชาเศรษฐศาสตร์ธุรกิจเกษตร ระดับ ป.โท ภาคปกติ สำหรับอาจารย์ชาวไทยและไม่ได้รับค่าตอบแทนซ้ำซ้อนกับค่าสอน (1 วิชา x 15,000 บาท)",ส่วนกลางคณะ,แผนงานจัดการศึกษา,งานจัดการศึกษาคณะเศรษฐศาสตร์,รายจ่ายประจำ,งบดำเนินงาน,ค่าตอบแทน,ไม่ต้องจับกลุ่ม group,2020,pachisa.k,
146,งานเทคโนโลยีสารสนเทศ,เครื่องพิมพ์เลเซอร์,30000,เครื่องพิมพ์เลเซอร์ สำหรับทดแทนเครื่องเก่าชั้น 6,สาขาวิชาเศรษฐศาสตร์,แผนงานการบริหารการศึกษา,งานบริหารทั่วไป,รายจ่ายลงทุน,งบลงทุน,ค่าครุภัณฑ์,ไม่ต้องจับกลุ่ม group,2020,chaimanat.l,
147,งานบริการการศึกษา,ค่าตอบแทน,20000,เพื่อเป็นค่าตอบแทนในงานการเรียนการสอนดังนี้ 3) ค่าตอบแทนกรรมการสอบโครงร่างวิทยานิพนธ์ /สอบวิทยานิพนธ์ สาขาวิชาเศรษฐศาสตร์ธุรกิจเกษตร ระดับ ป.โท ภาคปกติ,ส่วนกลางคณะ,แผนงานจัดการศึกษา,งานจัดการศึกษาคณะเศรษฐศาสตร์,รายจ่ายประจำ,งบดำเนินงาน,ค่าตอบแทน,ไม่ต้องจับกลุ่ม group,2020,pachisa.k,
148,งานบริการการศึกษา,ค่าตอบแทน,20000,เพื่อเป็นค่าตอบแทนในงานการเรียนการสอนดังนี้ 4)ค่าตอบแทนกรรมการสอบสารนิพนธ์ สอบประมวลความรอบรู้ สาขาวิชาเศรษฐศาสตร์ธุรกิจเกษตร ระดับ ป.โท ภาคปกติ,ส่วนกลางคณะ,แผนงานจัดการศึกษา,งานจัดการศึกษาคณะเศรษฐศาสตร์,รายจ่ายประจำ,งบดำเนินงาน,ค่าตอบแทน,ไม่ต้องจับกลุ่ม group,2020,pachisa.k,
149,งานบริการการศึกษา,ค่าตอบแทน,15000,"ค่าตอบแทนรายวิชาที่สอนเป็นภาษาอังกฤษ ระดับ ป.ตรี สาขาวิชาเศรษฐศาสตร์ (1 วิชา x 15,000 บาท)",สาขาวิชาเศรษฐศาสตร์,แผนงานจัดการศึกษา,งานจัดการศึกษาคณะเศรษฐศาสตร์,รายจ่ายประจำ,งบดำเนินงาน,ค่าตอบแทน,ไม่ต้องจับกลุ่ม group,2020,pachisa.k,
150,งานบริการการศึกษา,ค่าตอบแทน,15000,"ค่าตอบแทนรายวิชาที่สอนเป็นภาษาอังกฤษ ระดับ ป.ตรี สาขาวิชาเศรษฐศาสตร์เกษตร (1 วิชา x 15,000 บาท)",สาขาวิชาเศรษฐศาสตร์เกษตร,แผนงานจัดการศึกษา,งานจัดการศึกษาคณะเศรษฐศาสตร์,รายจ่ายประจำ,งบดำเนินงาน,ค่าตอบแทน,ไม่ต้องจับกลุ่ม group,2020,pachisa.k,
151,งานบริการการศึกษา,ค่าคุมสอบ,30000,เพื่อเป็นค่าตอบแทนกรรมการคุมสอบนอกเวลาราชการ กรณีเงินงบประมาณแผ่นดินไม่เพียงพอ,ส่วนกลางคณะ,แผนงานจัดการศึกษา,งานจัดการศึกษาคณะเศรษฐศาสตร์,รายจ่ายประจำ,งบดำเนินงาน,ค่าตอบแทน,ไม่ต้องจับกลุ่ม group,2020,pachisa.k,
152,งานบริการการศึกษา,ค่าเดินทางอาจารย์พิเศษ,128000,"เพื่อเป็นค่าที่พักและค่าเดินทางให้กับอาจารย์พิเศษ กรณีเงินงบประมาณแผ่นดินไม่เพียงพอ ดังนี้ 1) สาขาวิชาเศรษฐศาสตร์ ระดับ ป.ตรี ปีการศึกษาละ 2 คน รับผิดชอบสอนเต็มเวลาในช่วงก่อนสอบกลางภาค หรือ หลังสอบปลายภาค (16 ครั้ง x 8,000 บาท)",สาขาวิชาเศรษฐศาสตร์,แผนงานจัดการศึกษา,งานจัดการศึกษาคณะเศรษฐศาสตร์,รายจ่ายประจำ,งบดำเนินงาน,ค่าใช้สอย,ไม่ต้องจับกลุ่ม group,2020,pachisa.k,
153,งานบริการการศึกษา,ค่าเดินทางอาจารย์พิเศษ,42000,"เพื่อเป็นค่าที่พักและค่าเดินทางให้กับอาจารย์พิเศษ กรณีเงินงบประมาณแผ่นดินไม่เพียงพอ ดังนี้ 2) สาขาวิชาเศรษฐศาสตร์เกษตร ระดับ ป.ตรี ปีการศึกษาละ 2 คน รับผิดชอบสอนเต็มเวลาในช่วงก่อนสอบกลางภาค หรือ หลังสอบปลายภาค (14 ครั้ง x 3,000 บาท)",สาขาวิชาเศรษฐศาสตร์เกษตร,แผนงานจัดการศึกษา,งานจัดการศึกษาคณะเศรษฐศาสตร์,รายจ่ายประจำ,งบดำเนินงาน,ค่าใช้สอย,ไม่ต้องจับกลุ่ม group,2020,pachisa.k,
154,งานบริการการศึกษา,ค่าเดินทางอาจารย์พิเศษ,9000,"เพื่อเป็นค่าที่พักและค่าเดินทางให้กับอาจารย์พิเศษ กรณีเงินงบประมาณแผ่นดินไม่เพียงพอ ดังนี้ 3) ค่าเดินทางอาจารย์พิเศษสาขาวิชาเศรษฐศาสตร์ธุรกิจเกษตร ระดับ ป.โท ภาคปกติ (3 ครั้ง x 3,000 บาท)",สาขาวิชาเศรษฐศาสตร์เกษตร,แผนงานจัดการศึกษา,งานจัดการศึกษาคณะเศรษฐศาสตร์,รายจ่ายประจำ,งบดำเนินงาน,ค่าใช้สอย,ไม่ต้องจับกลุ่ม group,2020,pachisa.k,
155,งานบริการการศึกษา,ค่าเดินทางทางอาจารย์พิเศษ,20000,เพื่อเป็นค่าที่พักและค่าเดินทางให้กับอาจารย์พิเศษ กรณีเงินงบประมาณแผ่นดินไม่เพียงพอ ดังนี้ 4) ค่าเดินทางและค่าที่พักสำหรับกรรมการสอบโครงร่างวิทยานิพนธ์/สอบวิทยานิพนธ์ สาขาวิชาเศรษฐศาสตร์ธุรกิจเกษตร ระดับ ป.โท ภาคปกติ,สาขาวิชาเศรษฐศาสตร์เกษตร,แผนงานจัดการศึกษา,งานจัดการศึกษาคณะเศรษฐศาสตร์,รายจ่ายประจำ,งบดำเนินงาน,ค่าใช้สอย,ไม่ต้องจับกลุ่ม group,2020,pachisa.k,
156,งานบริการการศึกษา,ค่ารับรองอาจารย์พิเศษ,12000,"เพื่อเป็นค่าเลี้ยงรับรองอาจารพิเศษที่สาขาวิชาเชิญมาสอน โดยคิดเหมาจ่ายให้รายวิชาละ 4,000 บาท แบ่งเป็น สาขาวิชาเศรษฐศาสตร์ (4,000 บาท x 3 วิชา)",สาขาวิชาเศรษฐศาสตร์,แผนงานจัดการศึกษา,งานจัดการศึกษาคณะเศรษฐศาสตร์,รายจ่ายประจำ,งบดำเนินงาน,ค่าใช้สอย,ไม่ต้องจับกลุ่ม group,2020,pachisa.k,
157,งานบริการการศึกษา,ค่ารับรองอาจารย์พิเศษ,12000,"เพื่อเป็นค่าเลี้ยงรับรองอาจารพิเศษที่สาขาวิชาเชิญมาสอน โดยคิดเหมาจ่ายให้รายวิชาละ 4,000 บาท แบ่งเป็นสาขาวิชาเศรษฐศาสตร์เกษตร (4,000 บาท x 3 วิชา)",สาขาวิชาเศรษฐศาสตร์เกษตร,แผนงานจัดการศึกษา,งานจัดการศึกษาคณะเศรษฐศาสตร์,รายจ่ายประจำ,งบดำเนินงาน,ค่าใช้สอย,ไม่ต้องจับกลุ่ม group,2020,pachisa.k,
158,งานบริการการศึกษา,ค่าอาหาร อาหารว่างและเครื่องดื่ม,10000,เพื่อเป็นค่าอาหาร อาหารว่างและเครื่องดื่ม ของรายวิชาสัมมนา วิธีวิจัยทางเศรษฐศาสตร์ แบ่งเป็นสาขาวิชาเศรษฐศาสตร์,สาขาวิชาเศรษฐศาสตร์,แผนงานจัดการศึกษา,งานจัดการศึกษาคณะเศรษฐศาสตร์,รายจ่ายประจำ,งบดำเนินงาน,ค่าใช้สอย,ไม่ต้องจับกลุ่ม group,2020,pachisa.k,
159,งานบริการการศึกษา,ค่าอาหาร อาหารว่างและเครื่องดื่ม,10000,เพื่อเป็นค่าอาหาร อาหารว่างและเครื่องดื่ม ของรายวิชาสัมมนา วิธีวิจัยทางเศรษฐศาสตร์ แบ่งเป็นสาขาวิชาเศรษฐศาสตร์เกษตร,สาขาวิชาเศรษฐศาสตร์เกษตร,แผนงานจัดการศึกษา,งานจัดการศึกษาคณะเศรษฐศาสตร์,รายจ่ายประจำ,งบดำเนินงาน,ค่าใช้สอย,ไม่ต้องจับกลุ่ม group,2020,pachisa.k,
160,งานบริการการศึกษา,ค่าบริหารสิทธิ์,2000,เพื่อเป็นค่าบริหารสิทธิ์ในการยืนยันผ่านระบบ Clearing House ในกรณีที่คณะรับนักศึกษาเอง,ส่วนกลางคณะ,แผนงานจัดการศึกษา,งานจัดการศึกษาคณะเศรษฐศาสตร์,รายจ่ายประจำ,งบดำเนินงาน,ค่าใช้สอย,ไม่ต้องจับกลุ่ม group,2020,pachisa.k,
161,งานบริการการศึกษา,ค่าวัสดุการศึกษา,30000,เพื่อเป็นค่าวัสดุการศึกษา ในรายการดังนี้ 1) เพื่อเป็นค่าถ่ายกระดาษคำตอบ/ซองข้อสอบ/กระดาษคำตอบคอมพิวเตอร์ 2) เพื่อค่าถ่ายเอกสารข้สอบ เอกสารประกอบการเรียนการสอน 3) ค่าถ่ายเอกสารปัญหาพิเศษ สาขาวิชาเศรษฐศาสตร์ และ สาขาวิชาเศรษฐศาสตร์เกษตร 4) ค่าโปสเตอร์ สาขาวิชาเศรษฐศาสตร์ และ สาขาวิชาเศรษฐศาสตร์เกษตร,ส่วนกลางคณะ,แผนงานจัดการศึกษา,งานจัดการศึกษาคณะเศรษฐศาสตร์,รายจ่ายประจำ,งบดำเนินงาน,ค่าวัสดุ,ไม่ต้องจับกลุ่ม group,2020,pachisa.k,
162,งานบริการการศึกษา,ค่าของที่ระลึก,8000,เพื่อเป็นค่าของที่ระลึกใช้ในงานการเรียนการสอน แบ่งเป็น สาขาวิชาเศรษฐศาสตร์ 10 ครั้ง x 800 บาท,สาขาวิชาเศรษฐศาสตร์,แผนงานจัดการศึกษา,งานจัดการศึกษาคณะเศรษฐศาสตร์,รายจ่ายประจำ,งบเงินอุดหนุน,ค่าวัสดุ,ไม่ต้องจับกลุ่ม group,2020,pachisa.k,
163,งานบริการการศึกษา,ค่าของที่ระลึก,16000,เพื่อเป็นค่าของที่ระลึกใช้ในงานการเรียนการสอน แบ่งเป็น สาขาวิชาเศรษฐศาสตร์เกษตร 20 ครั้ง x 800 บาท,สาขาวิชาเศรษฐศาสตร์เกษตร,แผนงานจัดการศึกษา,งานจัดการศึกษาคณะเศรษฐศาสตร์,รายจ่ายประจำ,งบดำเนินงาน,ค่าวัสดุ,ไม่ต้องจับกลุ่ม group,2020,pachisa.k,
164,งานบริการการศึกษา,สนับสนุนการเรียนการสอนสาขาวิชาเศรษฐศาสตร์,75000,เพื่อเป็นค่าใช้จ่ายสนับสนุนกิจกรรมการเรียนการสอนของสาขาวิชาเศรษฐศาสตร์ ดังนี้ 1) กิจกรรมทางวิชาการ เช่น การอบรมโปรแกรมคอมพิวเตอร์ อบรมภาษาอังกฤษ ฯลฯ,สาขาวิชาเศรษฐศาสตร์,แผนงานจัดการศึกษา,งานจัดการศึกษาคณะเศรษฐศาสตร์,รายจ่ายประจำ,งบเงินอุดหนุน,ไม่มี,ไม่ต้องจับกลุ่ม group,2020,pachisa.k,
165,งานบริการการศึกษา,สนับสนุนการเรียนการสอนสาขาวิชาเศรษฐศาสตร์,64000,"เพื่อเป็นค่าใช้จ่ายสนับสนุนกิจกรรมการเรียนการสอนของสาขาวิชาเศรษฐศาสตร์ ดังนี้ 2) ทุนการศึกษาสำหรับนักศึกษาโครงการคัดเลือกนักเรียนที่มีทักษะทางเศรษฐศาสตร์จากการแข่งตอบปัญหา ระดับมัธยมศึกษาเข้าศึกษาในคณะเศรษฐศาสตร์ จำนวน 2 ทุน x 16,000 บาท x 2 ภาคการศึกษา",สาขาวิชาเศรษฐศาสตร์,แผนงานจัดการศึกษา,งานจัดการศึกษาคณะเศรษฐศาสตร์,รายจ่ายประจำ,งบเงินอุดหนุน,ไม่มี,ไม่ต้องจับกลุ่ม group,2020,pachisa.k,
166,งานบริการการศึกษา,สนับสนุนการเรียนการสอนสาขาวิชาเศรษฐศาสตร์เกษตร,75000,เพื่อเป็นค่าใช้จ่ายสนับสนุนกิจกรรมการเรียนการสอนของสาขาวิชาเศรษฐศาสตร์เกษตร ดังนี้ 1) กิจกรรมเสริมหลักสูตร คือ กิจกรรมพัฒนาทักษะการเรียนรู้และพัฒนาบุคลิกภาพ ประกอบด้วย ภาษาอังกฤษ ภาวะผู้นำ ทักษะการสื่อสาร การทำงานเป็นทีม ความคิดสร้างสรรค์ กิจกรรมทัศนศึกษา เปิดโลกทัศน์,สาขาวิชาเศรษฐศาสตร์เกษตร,แผนงานจัดการศึกษา,งานจัดการศึกษาคณะเศรษฐศาสตร์,รายจ่ายประจำ,งบเงินอุดหนุน,ไม่มี,ไม่ต้องจับกลุ่ม group,2020,pachisa.k,
167,งานบริการการศึกษา,สนับสนุนการเรียนการสอนสาขาวิชาเศรษฐศาสตร์เกษตร,160000,"เพื่อเป็นค่าใช้จ่ายสนับสนุนการเรียนการสอนของสาขาวิชาเศรษฐศาสตร์เกษตร ดังนี้ 2) ทุนการศึกษานักศึกษาโครงการ “นักธุรกิจเกษตรรุ่นใหม่” จำนวน 5 ทุน x 16,000 บาท x 2 ภาคการศึกษา",สาขาวิชาเศรษฐศาสตร์เกษตร,แผนงานจัดการศึกษา,งานจัดการศึกษาคณะเศรษฐศาสตร์,รายจ่ายประจำ,งบเงินอุดหนุน,ไม่มี,ไม่ต้องจับกลุ่ม group,2020,pachisa.k,
170,งานพัฒนานักศึกษา,สนับสนุนการเรียนการสอนรายวิชาหมวดศึกษาทั่วไป,30000,- เพื่อเป็นค่าใช้จ่ายสนับสนุนกิจกรรมการเรียนการสอนในหมวดวิชาศึกษาทั่วไปปีการศึกษา 2563 ได้แก่ รายวิชาประโยชน์เพื่อนมนุษย์ ให้กับนักศึกษาชั้นปีที่ 1 ในสาขาวิชาเศรษฐศาสตร์ และสาขาวิชาเศรษฐศาสตร์เกษตร,ส่วนกลางคณะ,แผนงานจัดการศึกษา,งานจัดการศึกษาคณะเศรษฐศาสตร์,รายจ่ายประจำ,งบเงินอุดหนุน,ไม่มี,ไม่ต้องจับกลุ่ม group,2020,kaniknun.k,
171,งานวิจัย,เศรษฐวิจัย,40000,"เพื่อจัดโครงการ ""เศรษฐวิจัย ครั้งที่ 10"" (ส่วนเกินจากเบิกเงินรายได้ 40,000 บ. แล้ว สามารถเบิกจากกองทุนวิจัยคณะฯ ได้ แต่ไม่เกิน 44,000 บาท) เอกสารแนบ : รายละเอียดโครงการเศรษฐวิจัยครั้งที่ 9 หมายเหตุ : ยังไม่มีการใช้จ่ายในครั้งที่ 9 เนื่องจากเปลี่ยนเป็นแบบ Online เพราะสถานการณ์ Covid-19",สาขาวิชาเศรษฐศาสตร์,แผนงานจัดการศึกษา,งานจัดการศึกษาคณะเศรษฐศาสตร์,รายจ่ายประจำ,งบเงินอุดหนุน,ไม่มี,ไม่ต้องจับกลุ่ม group,2020,sirikarn.k,ID170_sirikarn.k_3cccf3dc.pdf
172,งานวิจัย,การเสนอผลงานทางวิชาการของนักศึกษาสาขาวิชาเศรษฐศาสตร์เกษตร,20000,"ขอปรับลดเป็น 20,000 บาท (จากเดิมที่ตั้งไว้ 25,000 บาท โดยพิจารณาให้กองทุนวิจัยฯ สนับสนุนส่วนที่เกินเหมือนโครงการเศรษฐวิจัยของสาขา ศศ. เพื่อจัดโครงการนำเสนอผลงานวิชาการของนักศึกษาสาขาวิชาเศรษฐศาสตร์เกษตร ครั้งที่ 8 เอกสารแนบ : โครงการนำเสนอผลงานของ นศ.สาขา ศก. ครั้งที่ 7 หมายเหตุ : ขอตั้งไว้เผื่อสาขาจะเพิ่มกิจกรรมย่อยอื่นๆ เช่น เชิญวิทยาการมาบรรยายพิเศษ หรือการประกวดต่างๆ",สาขาวิชาเศรษฐศาสตร์เกษตร,แผนงานจัดการศึกษา,งานจัดการศึกษาคณะเศรษฐศาสตร์,รายจ่ายประจำ,งบเงินอุดหนุน,ไม่มี,ไม่ต้องจับกลุ่ม group,2020,sirikarn.k,ID171_sirikarn.k_6c3bbdbb.pdf
173,งานวิจัย,กิจกรรม Academic Lunch Talks แลกเปลี่ยนความคิดเห็นทางวิชาการและงานวิจัย,10000,"สาขาวิชาเศรษฐศาสตร์เกษตร ขอปรับลดเป็น 10,000 บ. (จากเดิมตั้งไว้ 30,000 บาท) เพื่อรองรับดังนี้ 1) แลกเปลี่ยนเรียนรู้ระหว่างเพื่อนอาจารย์จากการได้เข้าร่วมอบรม/สัมมนา/ดูงาน 2) KM องค์ความรู้สู่เพื่อนอาจารย์ 3) พูดคุยร่วมกับนักวิชาการเพื่อสร้างเครือข่ายความร่วมมือวิจัยและวิชาการ 4) พูดคุยวิชาการในสาขา หมายเหตุ : เนื่องด้วยอาจารย์มีภารกิจค่อนข้างมาก จำนวนที่จัดจึงอาจจะลดลง",สาขาวิชาเศรษฐศาสตร์เกษตร,แผนงานสนับสนุนการศึกษา,งานพัฒนาหลักสูตรและการเรียนการสอน,รายจ่ายประจำ,งบรายจ่ายอื่น,ค่าใช้สอย,ไม่ต้องจับกลุ่ม group,2020,sirikarn.k,
174,งานวิจัย,ค่าใช้จ่ายประชาสัมพันธ์งานวิจัย สาขาวิชาเศรษฐศาสตร์,5000,"เพื่อเป็นค่าใช้จ่ายประชาสัมพันธ์และเผยแพร่งานวิจัยของอาจารย์ สาขาวิชาละ 5,000 บ. เช่น 1) จัดทำ Poster ผลงานวิจัยของอาจารย์ โชว์ในงานวิชาการต่างๆ เช่น ม.อ.วิชาการ, การจัดสัมมนาวิชาการ, การจัดประชุมวิชาการ 2) เผยแพร่ Abtract ผลงานวิจัย, ผลงานตีพิมพ์ และผลงานที่นำเสนอในการประชุมวิชาการ ไว้บนเว็บไซต์คณะฯ เพื่อให้ผู้สนใจเข้าถึงได้ (สำหรับรายการที่ 3 นี้-ไม่มีค่าใช้จ่ายใดๆ) 3) สำเนาเล่มโครงการวิจัยของอาจารย์ เพื่อจัดบริการให้นักศึกษาได้ยืม 4) แผ่นพับ จุลสาร (หากมี) เป็นต้น หมายเหตุ : ปีงบประมาณ 2560-2561 สาขา ศก.เสนอขอตั้ง และปีงบประมาณ 2562 คณะฯ ตั้งไว้สำหรับ 2 สาขา",สาขาวิชาเศรษฐศาสตร์,แผนงานการวิจัย,งานสนับสนุนวิจัย,รายจ่ายประจำ,งบรายจ่ายอื่น,ค่าวัสดุ,ไม่ต้องจับกลุ่ม group,2020,sirikarn.k,
176,งานวิจัย,ค่าใช้จ่ายประชาสัมพันธ์งานวิจัย สาขาวิชาเศรษฐศาสตร์เกษตร,5000,"เพื่อเป็นค่าใช้จ่ายประชาสัมพันธ์และเผยแพร่งานวิจัยของอาจารย์ สาขาวิชาละ 5,000 บ. เช่น 1) จัดทำ Poster ผลงานวิจัยของอาจารย์ โชว์ในงานวิชาการต่างๆ เช่น ม.อ.วิชาการ, การจัดสัมมนาวิชาการ, การจัดประชุมวิชาการ 2) เผยแพร่ Abtract ผลงานวิจัย, ผลงานตีพิมพ์ และผลงานที่นำเสนอในการประชุมวิชาการ ไว้บนเว็บไซต์คณะฯ เพื่อให้ผู้สนใจเข้าถึงได้ (สำหรับรายการที่ 3 นี้-ไม่มีค่าใช้จ่ายใดๆ) 3) สำเนาเล่มโครงการวิจัยของอาจารย์ เพื่อจัดบริการให้นักศึกษาได้ยืม 4) แผ่นพับ จุลสาร (หากมี) เป็นต้น หมายเหตุ : ปีงบประมาณ 2560-2561 สาขา ศก.เสนอขอตั้ง และปีงบประมาณ 2562 คณะฯ ตั้งไว้สำหรับ 2 สาขา",สาขาวิชาเศรษฐศาสตร์เกษตร,แผนงานการวิจัย,งานสนับสนุนวิจัย,รายจ่ายประจำ,งบรายจ่ายอื่น,ค่าวัสดุ,ไม่ต้องจับกลุ่ม group,2020,sirikarn.k,
177,งานห้องอ่านหนังสือ,ค่าวัสดุ วารสาร และตำราเรียน/แบบจำลองเกม,20000,"ยืนยันคงเดิม 20,000 บ. (หรือแล้วแต่ดุลพินิจ) โดยปกติจะเบิกจ่ายจากเงินงบประมาณแผ่นดินก่อน หากไม่เพียงพอจึงขอเบิกจากเงินรายได้ฯ แต่ปีงบฯ 63 มีความจำเป็นต้องเบิกจากเงินรายได้ทั้งหมด พร้อมแนบผลจากการ",ส่วนกลางคณะ,แผนงานสนับสนุนการศึกษา,งานพัฒนาหลักสูตรและการเรียนการสอน,รายจ่ายประจำ,งบดำเนินงาน,ค่าวัสดุ,ไม่ต้องจับกลุ่ม group,2020,sirikarn.k,
178,งานวิจัย,การประชุมเครือข่ายเศรษฐศาสตร์เกษตร 5 สถาบัน & สัมมนาประจำปีสาขาวิชาเศรษฐศาสตร์เกษตร,100000,"สาขาวิชาเศรษฐศาสตร์เกษตรยังคงไว้ที่ 100,000 บ. 1) ค่าใช้จ่ายในการเดินทางไปเข้าร่วมประชุม/สัมมนาเครือข่ายเศรษฐศาสตร์เกษตรสำหรับอาจารย์สาขาวิชาเศรษฐศาสตร์เกษตร 2) ค่าใช้จ่ายอื่นๆ ที่เกี่ยวข้องกับการจัดประชุมวิชาการเครือข่ายเศรษฐศาสตร์เกษตร 5 สถาบัน หมายเหตุ : ค่าสนับสนุนการจัดประชุมวิชาการฯ เบิกจากกองทุนวิจัยคณะฯ ตามประกาศฯ หัวข้อ 2.1 หน้า 3 กรณีเป็นเจ้าภาพร่วม 100,000 บ. และเป็นเจ้าภาพหลัก 200,000 บ. ได้อยู่แล้ว หมายเหตุ : สาขาเศรษฐศาสตร์เกษตรเสนอขอตั้ง",สาขาวิชาเศรษฐศาสตร์เกษตร,แผนงานสนับสนุนการศึกษา,งานพัฒนาบุคลากรสายวิชาการ (สาย ก),รายจ่ายประจำ,งบรายจ่ายอื่น,ค่าใช้สอย,ไม่ต้องจับกลุ่ม group,2020,sirikarn.k,
179,งานการเจ้าหน้าที่,ค่าตอบแทนนอกเหนือจากเงินเดือน,1008000,"เพื่อเป็นเงินประจำตำแหน่งและค่าตอบแทนนอกเหนือจากเงินประจำตำแหน่ง ดังนี้ (1) คณบดี(เงิน ปจต.10,000 บาท + เงินเบิ้ล 10,000 บาท) x 12 เดือน (2) รองคณบดี 3 คน (เงิน ปจต. 5,600 บาท +เงินเบิ้ล 5,600 บาท) x 12 เดือน x 3 คน (3) ผู้ช่วยคณบดี (เงิน ปจต. 2,000 บาท + เงินเบิ้ล 2,000 บาท) x 12 เดือน x 1 คน (4) หัวหน้าสาขาวิชา 2 คน (เงิน ปจต. 5,600 บาท+เงินเบิ้ล 5,600 บาท)x 12 เดือน x 2 เดือน (5) รองหัวหน้าสาขาวิชา 2 คน 2,000 คน x 12 เดือน x 2 คน",ส่วนกลางคณะ,แผนงานการบริหารการศึกษา,งานบริหารทั่วไป,รายจ่ายประจำ,งบดำเนินงาน,ค่าตอบแทน,ไม่ต้องจับกลุ่ม group,2020,pattama.ru,
180,งานการเจ้าหน้าที่,ค่าโทรศัพท์,39000,"เพื่อเป็นค่าโทรศัพท์เคลื่อนที่ของผู้บริหาร,หัวหน้าสาขาวิชา ดังนี้ (1) คณบดี 750 บาท/เดือน (750 บาท x 12 เดือน x 1 คน) : 9,000 บาท (2) รองคณบดี 500 บาท/เดือน (500 บาท x 12 เดือน x 3 คน) : 18,000 บาท (3) หัวหน้าสาขาวิชา 500 บาท/เดือน (500 บาท x 12 เดือน x 2 คน) : 12,000 บาท",ส่วนกลางคณะ,แผนงานการบริหารการศึกษา,งานบริหารทั่วไป,รายจ่ายประจำ,งบดำเนินงาน,ค่าสาธารนูปโภค,ไม่ต้องจับกลุ่ม group,2020,pattama.ru,
181,งานเทคโนโลยีสารสนเทศ,จอคอมพิวเตอร์,4500,จอเครื่องคอมพิวเตอร์สำหรับงานแผนฯ ขนาด 23 นิ้ว จำนวน 1 จอ,ส่วนกลางคณะ,แผนงานการบริหารการศึกษา,งานบริหารทั่วไป,รายจ่ายประจำ,งบลงทุน,ค่าครุภัณฑ์,ไม่ต้องจับกลุ่ม group,2020,chaimanat.l,
182,งานแผน,ค่าเบี้ยประชุม,30000,เพื่อเป็นค่าเบี้ยประชุมสำหรับคณะกรรมการประจำคณะฯ เลขานุการ และที่ปรึกษาคณบดี (ถ้ามี) (ประชุมประมาณ 6 ครั้งต่อปี),ส่วนกลางคณะ,แผนงานการบริหารการศึกษา,งานบริหารทั่วไป,รายจ่ายประจำ,งบดำเนินงาน,ค่าตอบแทน,ไม่ต้องจับกลุ่ม group,2020,manasikarn.sm,
183,งานพัสดุ,ค่าจ้างเหมาบุคคล,60000,"เพื่อเป็นค่าจ้างเหมาบุคคล มาปฏิบัติงานให้คณะฯ ในระยะสั้น ขอตั้งงบประมาณ 60,000 บาท",ส่วนกลางคณะ,แผนงานการบริหารการศึกษา,งานบริหารทั่วไป,รายจ่ายประจำ,งบดำเนินงาน,ค่าใช้สอย,ไม่ต้องจับกลุ่ม group,2020,manasikarn.sm,
184,งานการเจ้าหน้าที่,ค่าใช้จ่ายกิจกรรม 5ส,25000,เพื่อเป็นค่าใช้จ่ายดำเนินกิจกรรม 5ส ของคณะฯ,ส่วนกลางคณะ,แผนงานการบริหารการศึกษา,งานบริหารทั่วไป,รายจ่ายประจำ,งบรายจ่ายอื่น,ไม่มี,ไม่ต้องจับกลุ่ม group,2020,manasikarn.sm,
185,งานการเจ้าหน้าที่,ค่าบรรณสารสงเคราะห์สายสนับสนุน,1200,"เพื่อเป็นค่าใช้จ่ายเบิกตามระเบียบบรรณสารสงเคราะห์เฉพาะบุคลากรที่รับผิดชอบงาน IT และโสตทัศนูปกรณ์ จำนวน 2 คน x 600 บาท = 1,200 บาท",ส่วนกลางคณะ,แผนงานการบริหารการศึกษา,งานพัฒนาบุคลากรฝ่ายบริหารและสายสนับสนุน,รายจ่ายประจำ,งบเงินอุดหนุน,ไม่มี,ไม่ต้องจับกลุ่ม group,2020,manasikarn.sm,
186,งานการเจ้าหน้าที่,ตำแหน่งอาจารย์ พนักงานมหาวิทยาลัยเงินรายได้,324000,"เพื่อเป็นค่าจ้างพนักงานมหาวิทยาลัยที่จ้างด้วยเงินรายได้คณะ ตำแหน่งอาจารย์ วุฒิปริญญาโทหรือเอกทางเศรษฐศาสตร์เกษตร หรือสาขาวิชาที่เกี่ยวข้อง ค่าจ้าง ป.โท เดือนละ 27,000 บาท x 12 เดือน x 1 อัตรา = 324,000 บาท",ส่วนกลางคณะ,แผนงานจัดการศึกษา,งานจัดการศึกษาคณะเศรษฐศาสตร์,รายจ่ายประจำ,งบบุคลากร,ค่าจ้าง,ไม่ต้องจับกลุ่ม group,2020,manasikarn.sm,
187,งานการเจ้าหน้าที่,ค่าบรรณสารสงเคราะห์สายวิชาการ,32400,"เพื่อเป็นค่าบรรณสารสงเคราะห์สำหรับอาจารย์ จำนวน 27 คน x 1,200 บาท",ส่วนกลางคณะ,แผนงานสนับสนุนการศึกษา,งานพัฒนาหลักสูตรและการเรียนการสอน,รายจ่ายประจำ,งบเงินอุดหนุน,ไม่มี,ไม่ต้องจับกลุ่ม group,2020,manasikarn.sm,
188,งานการเจ้าหน้าที่,เงินสมทบบรรณสารสงเคราะห์,102600,"เพื่อสนับสนุนเป็นค่าใช้จ่ายสมทบกรณีสวัสดิการบรรณสารสงเคราะห์ของอาจารย์ไม่เพียงพอ จำนวน 27 คน คนละ 3,800 บาทต่อไป",ส่วนกลางคณะ,แผนงานสนับสนุนการศึกษา,งานพัฒนาบุคลากรสายวิชาการ (สาย ก),รายจ่ายประจำ,งบรายจ่ายอื่น,ไม่มี,ไม่ต้องจับกลุ่ม group,2020,manasikarn.sm,
189,งานแผน,ค่าอาหาร อาหารว่างและเครื่องดื่ม,5000,"เพื่อเป็นค่าอาหาร อาหารว่างเเละเครื่องดื่ม สำหรับประชุมคณะกรรมการประจำคณะฯ จำนวน 5,000 บาท",ส่วนกลางคณะ,แผนงานการบริหารการศึกษา,งานบริหารทั่วไป,รายจ่ายประจำ,งบดำเนินงาน,ค่าใช้สอย,ไม่ต้องจับกลุ่ม group,2020,manasikarn.sm,
190,งานเทคโนโลยีสารสนเทศ,ชุดโปรแกรม Adobe Cloud,19200,ชุดโปรแกรม Adobe Cloud จำนวน 2 License ละ 800 บาท ต่อเดือน ระยะเวลา 1 ปี,ส่วนกลางคณะ,แผนงานการบริหารการศึกษา,งานบริหารทั่วไป,รายจ่ายประจำ,งบดำเนินงาน,ค่าใช้สอย,ไม่ต้องจับกลุ่ม group,2020,chaimanat.l,
191,งานการเจ้าหน้าที่,ค่าตอบแทนปฏิบัติงานนอกเวลาราชการ,10000,เพื่อเป็นค่าตอบแทนให้กับบุคลากรที่ปฏิบัติงานนอกเวลาราชการให้กับคณะฯ,ส่วนกลางคณะ,แผนงานการบริหารการศึกษา,งานบริหารทั่วไป,รายจ่ายประจำ,งบดำเนินงาน,ค่าตอบแทน,ไม่ต้องจับกลุ่ม group,2020,manasikarn.sm,
192,งานสารบรรณ,ค่าไปรษณีย์,5000,เพื่อเป็นค่าไปรษณีย์ของคณะฯ ค่าเช่าตู้ไปรษณีย์ และอื่นๆ ที่เกี่ยวข้อง,ส่วนกลางคณะ,แผนงานการบริหารการศึกษา,งานบริหารทั่วไป,รายจ่ายประจำ,งบดำเนินงาน,ค่าสาธารนูปโภค,ไม่ต้องจับกลุ่ม group,2020,manasikarn.sm,
193,งานสารบรรณ,ค่าโทรศัพท์คณะ (หมายเลขภายใน),50000,เพื่อเป็นค่าใช้จ่ายการใช้โทรศัพท์เครื่องหมายเลขภายในและค่าบำรุงเลขหมายของคณะฯ,ส่วนกลางคณะ,แผนงานการบริหารการศึกษา,งานบริหารทั่วไป,รายจ่ายประจำ,งบดำเนินงาน,ค่าสาธารนูปโภค,ไม่ต้องจับกลุ่ม group,2020,manasikarn.sm,
194,งานบริการวิชาการ,ค่าใช้จ่ายสนับสนุนงานบริการวิชาการของสาขาวิชาเศรษฐศาสตร์เกษตร,50000,"เพื่อเป็นค่าใช้จ่ายในการให้บริการวิชาการแก่สังคมและชุมชนแบบให้เปล่าของสาขาวิชาเศรษฐศาสตร์เกษตร: โครงการอบรมเกษตรกร/อบรมหน่วยงานที่เกี่ยวข้อง หรือการจัดโครงการให้บริการวิชาการแก่สังคมอื่น ๆ จำนวน 50,000 บาท",สาขาวิชาเศรษฐศาสตร์เกษตร,แผนงานบริการวิชาการ,งานบริการวิชาการเพื่อสังคม,รายจ่ายประจำ,งบรายจ่ายอื่น,ไม่มี,ไม่ต้องจับกลุ่ม group,2020,manasikarn.sm,
